TipID,Title,Slug,Content,Category,SEOKeyword,CTA,Status,FocusAirline,Journey Stage,Result Context,Affiliate Category,Priority,MasterStatus,SourceMasterSheet,MasterContentID,RuntimeContractID,PublishEligibility,RotationGroup,RotationWeight,PublishBlockReason
AME-TIP-000001,"When flying American, always check the airport's specific bag-drop-off cut-off times, which are",ame-tip-000001,"When flying American, always check the airport's specific bag-drop-off cut-off times, which are often stricter than the flight boarding time. Use your WillitFit profile to keep a record of your bag's 'fit status' so you can breeze through self-service kiosks at American hubs.",Airport Experience,american travel tips,Check your bag size,Draft,American,At the Airport,Universal,Luggage Scale,3,Approved,13_Content,AME-TIP-000001,RTC-003,Eligible for Review,At the Airport | Universal,3,Awaiting explicit release approval
AME-TIP-000002,"On American flights, maximizing your footwell space is crucial; if you've brought a 'personal i",ame-tip-000002,"On American flights, maximizing your footwell space is crucial; if you've brought a 'personal item' that fits the WillitFit audit, stow it efficiently. Keeping the floor clear of bulky bags helps you reclaim your personal space during long-haul American journeys.",In-Flight Comfort,american travel tips,Check your bag size,Draft,American,During Flight,Universal,Luggage Scale,3,Approved,13_Content,AME-TIP-000002,RTC-003,Eligible for Review,During Flight | Universal,3,Awaiting explicit release approval
QA-TIP-000001,"On Qatar Airways flights, maximizing your footwell space is crucial; if you've brought a 'perso",qa-tip-000001,"On Qatar Airways flights, maximizing your footwell space is crucial; if you've brought a 'personal item' that fits the WillitFit audit, stow it efficiently. Keeping the floor clear of bulky bags helps you reclaim your personal space during long-haul Qatar Airways journeys.",In-Flight Comfort,qatar airways travel tips,Check your bag size,Draft,Qatar Airways,During Flight,Universal,Luggage Scale,3,Approved,13_Content,QA-TIP-000001,RTC-003,Eligible for Review,During Flight | Universal,3,Awaiting explicit release approval
EZY-TIP-000001,"On EasyJet flights, maximizing your footwell space is crucial; if you've brought a 'personal it",ezy-tip-000001,"On EasyJet flights, maximizing your footwell space is crucial; if you've brought a 'personal item' that fits the WillitFit audit, stow it efficiently. Keeping the floor clear of bulky bags helps you reclaim your personal space during long-haul EasyJet journeys.",In-Flight Comfort,easyjet travel tips,Check your bag size,Draft,EasyJet,During Flight,Universal,Luggage Scale,3,Approved,13_Content,EZY-TIP-000001,RTC-003,Eligible for Review,During Flight | Universal,3,Awaiting explicit release approval
UNI-TIP-000001,"On United flights, maximizing your footwell space is crucial; if you've brought a 'personal ite",uni-tip-000001,"On United flights, maximizing your footwell space is crucial; if you've brought a 'personal item' that fits the WillitFit audit, stow it efficiently. Keeping the floor clear of bulky bags helps you reclaim your personal space during long-haul United journeys.",In-Flight Comfort,united travel tips,Check your bag size,Draft,United,During Flight,Universal,Luggage Scale,3,Approved,13_Content,UNI-TIP-000001,RTC-003,Eligible for Review,During Flight | Universal,3,Awaiting explicit release approval
VA-TIP-000001,Combine your WillitFit baggage compliance check with a smart packing strategy for Virgin Atlant,va-tip-000001,Combine your WillitFit baggage compliance check with a smart packing strategy for Virgin Atlantic to avoid 'baggage anxiety'. Organizing your essentials into modular pouches that fit the WillitFit-approved dimensions makes transferring through Virgin Atlantic security much faster.,General Travel Hacks,virgin atlantic travel tips,Check your bag size,Draft,Virgin Atlantic,General Travel,Universal,Luggage Scale,3,Approved,13_Content,VA-TIP-000001,RTC-003,Eligible for Review,General Travel | Universal,3,Awaiting explicit release approval
EMI-TIP-000001,Use the WillitFit audit tool to verify your bag against Emirates's specific cabin dimensions be,emi-tip-000001,Use the WillitFit audit tool to verify your bag against Emirates's specific cabin dimensions before packing. Even a half-inch difference can lead to a gate-check fee; pre-verifying your gear ensures you stay within Emirates's strict allowance.,Packing/Baggage,emirates travel tips,Check your bag size,Draft,Emirates,Before Packing,Universal,Luggage Scale,3,Approved,13_Content,EMI-TIP-000001,RTC-003,Eligible for Review,Before Packing | Universal,3,Awaiting explicit release approval
UNI-TIP-000002,Use the WillitFit audit tool to verify your bag against United's specific cabin dimensions befo,uni-tip-000002,Use the WillitFit audit tool to verify your bag against United's specific cabin dimensions before packing. Even a half-inch difference can lead to a gate-check fee; pre-verifying your gear ensures you stay within United's strict allowance.,Packing/Baggage,united travel tips,Check your bag size,Draft,United,Before Packing,Universal,Luggage Scale,3,Approved,13_Content,UNI-TIP-000002,RTC-003,Eligible for Review,Before Packing | Universal,3,Awaiting explicit release approval
JET2-TIP-000001,Combine your WillitFit baggage compliance check with a smart packing strategy for Jet2 to avoid,jet2-tip-000001,Combine your WillitFit baggage compliance check with a smart packing strategy for Jet2 to avoid 'baggage anxiety'. Organizing your essentials into modular pouches that fit the WillitFit-approved dimensions makes transferring through Jet2 security much faster.,General Travel Hacks,jet2 travel tips,Check your bag size,Draft,Jet2,General Travel,Universal,Luggage Scale,3,Approved,13_Content,JET2-TIP-000001,RTC-003,Eligible for Review,General Travel | Universal,3,Awaiting explicit release approval
SA-TIP-000001,"On Singapore Airlines flights, maximizing your footwell space is crucial; if you've brought a '",sa-tip-000001,"On Singapore Airlines flights, maximizing your footwell space is crucial; if you've brought a 'personal item' that fits the WillitFit audit, stow it efficiently. Keeping the floor clear of bulky bags helps you reclaim your personal space during long-haul Singapore Airlines journeys.",In-Flight Comfort,singapore airlines travel tips,Check your bag size,Draft,Singapore Airlines,During Flight,Universal,Luggage Scale,3,Approved,13_Content,SA-TIP-000001,RTC-003,Eligible for Review,During Flight | Universal,3,Awaiting explicit release approval
DLH-TIP-000001,"When flying Lufthansa, always check the airport's specific bag-drop-off cut-off times, which ar",dlh-tip-000001,"When flying Lufthansa, always check the airport's specific bag-drop-off cut-off times, which are often stricter than the flight boarding time. Use your WillitFit profile to keep a record of your bag's 'fit status' so you can breeze through self-service kiosks at Lufthansa hubs.",Airport Experience,lufthansa travel tips,Check your bag size,Draft,Lufthansa,At the Airport,Universal,Luggage Scale,3,Approved,13_Content,DLH-TIP-000001,RTC-003,Eligible for Review,At the Airport | Universal,3,Awaiting explicit release approval
EZY-TIP-000002,Combine your WillitFit baggage compliance check with a smart packing strategy for EasyJet to av,ezy-tip-000002,Combine your WillitFit baggage compliance check with a smart packing strategy for EasyJet to avoid 'baggage anxiety'. Organizing your essentials into modular pouches that fit the WillitFit-approved dimensions makes transferring through EasyJet security much faster.,General Travel Hacks,easyjet travel tips,Check your bag size,Draft,EasyJet,General Travel,Universal,Luggage Scale,3,Approved,13_Content,EZY-TIP-000002,RTC-003,Eligible for Review,General Travel | Universal,3,Awaiting explicit release approval
EMI-TIP-000002,"On Emirates flights, maximizing your footwell space is crucial; if you've brought a 'personal i",emi-tip-000002,"On Emirates flights, maximizing your footwell space is crucial; if you've brought a 'personal item' that fits the WillitFit audit, stow it efficiently. Keeping the floor clear of bulky bags helps you reclaim your personal space during long-haul Emirates journeys.",In-Flight Comfort,emirates travel tips,Check your bag size,Draft,Emirates,During Flight,Universal,Luggage Scale,3,Approved,13_Content,EMI-TIP-000002,RTC-003,Eligible for Review,During Flight | Universal,3,Awaiting explicit release approval
AFR-TIP-000001,Combine your WillitFit baggage compliance check with a smart packing strategy for Air France to,afr-tip-000001,Combine your WillitFit baggage compliance check with a smart packing strategy for Air France to avoid 'baggage anxiety'. Organizing your essentials into modular pouches that fit the WillitFit-approved dimensions makes transferring through Air France security much faster.,General Travel Hacks,air france travel tips,Check your bag size,Draft,Air France,General Travel,Universal,Luggage Scale,3,Approved,13_Content,AFR-TIP-000001,RTC-003,Eligible for Review,General Travel | Universal,3,Awaiting explicit release approval
JET2-TIP-000002,"On Jet2 flights, maximizing your footwell space is crucial; if you've brought a 'personal item'",jet2-tip-000002,"On Jet2 flights, maximizing your footwell space is crucial; if you've brought a 'personal item' that fits the WillitFit audit, stow it efficiently. Keeping the floor clear of bulky bags helps you reclaim your personal space during long-haul Jet2 journeys.",In-Flight Comfort,jet2 travel tips,Check your bag size,Draft,Jet2,During Flight,Universal,Luggage Scale,3,Approved,13_Content,JET2-TIP-000002,RTC-003,Eligible for Review,During Flight | Universal,3,Awaiting explicit release approval
CP-TIP-000001,"When flying Cathay Pacific, always check the airport's specific bag-drop-off cut-off times, whi",cp-tip-000001,"When flying Cathay Pacific, always check the airport's specific bag-drop-off cut-off times, which are often stricter than the flight boarding time. Use your WillitFit profile to keep a record of your bag's 'fit status' so you can breeze through self-service kiosks at Cathay Pacific hubs.",Airport Experience,cathay pacific travel tips,Check your bag size,Draft,Cathay Pacific,At the Airport,Universal,Luggage Scale,3,Approved,13_Content,CP-TIP-000001,RTC-003,Eligible for Review,At the Airport | Universal,3,Awaiting explicit release approval
DEL-TIP-000001,"On Delta flights, maximizing your footwell space is crucial; if you've brought a 'personal item",del-tip-000001,"On Delta flights, maximizing your footwell space is crucial; if you've brought a 'personal item' that fits the WillitFit audit, stow it efficiently. Keeping the floor clear of bulky bags helps you reclaim your personal space during long-haul Delta journeys.",In-Flight Comfort,delta travel tips,Check your bag size,Draft,Delta,During Flight,Universal,Luggage Scale,3,Approved,13_Content,DEL-TIP-000001,RTC-003,Eligible for Review,During Flight | Universal,3,Awaiting explicit release approval
CP-TIP-000002,Use the WillitFit audit tool to verify your bag against Cathay Pacific's specific cabin dimensi,cp-tip-000002,Use the WillitFit audit tool to verify your bag against Cathay Pacific's specific cabin dimensions before packing. Even a half-inch difference can lead to a gate-check fee; pre-verifying your gear ensures you stay within Cathay Pacific's strict allowance.,Packing/Baggage,cathay pacific travel tips,Check your bag size,Draft,Cathay Pacific,Before Packing,Universal,Luggage Scale,3,Approved,13_Content,CP-TIP-000002,RTC-003,Eligible for Review,Before Packing | Universal,3,Awaiting explicit release approval
UNI-TIP-000003,"When flying United, always check the airport's specific bag-drop-off cut-off times, which are o",uni-tip-000003,"When flying United, always check the airport's specific bag-drop-off cut-off times, which are often stricter than the flight boarding time. Use your WillitFit profile to keep a record of your bag's 'fit status' so you can breeze through self-service kiosks at United hubs.",Airport Experience,united travel tips,Check your bag size,Draft,United,At the Airport,Universal,Luggage Scale,3,Approved,13_Content,UNI-TIP-000003,RTC-003,Eligible for Review,At the Airport | Universal,3,Awaiting explicit release approval
JET2-TIP-000003,"On Jet2 flights, maximizing your footwell space is crucial; if you've brought a 'personal item'",jet2-tip-000003,"On Jet2 flights, maximizing your footwell space is crucial; if you've brought a 'personal item' that fits the WillitFit audit, stow it efficiently. Keeping the floor clear of bulky bags helps you reclaim your personal space during long-haul Jet2 journeys.",In-Flight Comfort,jet2 travel tips,Check your bag size,Draft,Jet2,During Flight,Universal,Luggage Scale,3,Approved,13_Content,JET2-TIP-000003,RTC-003,Eligible for Review,During Flight | Universal,3,Awaiting explicit release approval
AFR-TIP-000002,"When flying Air France, always check the airport's specific bag-drop-off cut-off times, which a",afr-tip-000002,"When flying Air France, always check the airport's specific bag-drop-off cut-off times, which are often stricter than the flight boarding time. Use your WillitFit profile to keep a record of your bag's 'fit status' so you can breeze through self-service kiosks at Air France hubs.",Airport Experience,air france travel tips,Check your bag size,Draft,Air France,At the Airport,Universal,Luggage Scale,3,Approved,13_Content,AFR-TIP-000002,RTC-003,Eligible for Review,At the Airport | Universal,3,Awaiting explicit release approval
CP-TIP-000003,Combine your WillitFit baggage compliance check with a smart packing strategy for Cathay Pacifi,cp-tip-000003,Combine your WillitFit baggage compliance check with a smart packing strategy for Cathay Pacific to avoid 'baggage anxiety'. Organizing your essentials into modular pouches that fit the WillitFit-approved dimensions makes transferring through Cathay Pacific security much faster.,General Travel Hacks,cathay pacific travel tips,Check your bag size,Draft,Cathay Pacific,General Travel,Universal,Luggage Scale,3,Approved,13_Content,CP-TIP-000003,RTC-003,Eligible for Review,General Travel | Universal,3,Awaiting explicit release approval
EZY-TIP-000003,Combine your WillitFit baggage compliance check with a smart packing strategy for EasyJet to av,ezy-tip-000003,Combine your WillitFit baggage compliance check with a smart packing strategy for EasyJet to avoid 'baggage anxiety'. Organizing your essentials into modular pouches that fit the WillitFit-approved dimensions makes transferring through EasyJet security much faster.,General Travel Hacks,easyjet travel tips,Check your bag size,Draft,EasyJet,General Travel,Universal,Luggage Scale,3,Approved,13_Content,EZY-TIP-000003,RTC-003,Eligible for Review,General Travel | Universal,3,Awaiting explicit release approval
RYR-TIP-000001,Combine your WillitFit baggage compliance check with a smart packing strategy for Ryanair to av,ryr-tip-000001,Combine your WillitFit baggage compliance check with a smart packing strategy for Ryanair to avoid 'baggage anxiety'. Organizing your essentials into modular pouches that fit the WillitFit-approved dimensions makes transferring through Ryanair security much faster.,General Travel Hacks,ryanair travel tips,Check your bag size,Draft,Ryanair,General Travel,Universal,Luggage Scale,3,Approved,13_Content,RYR-TIP-000001,RTC-003,Eligible for Review,General Travel | Universal,3,Awaiting explicit release approval
SA-TIP-000002,Combine your WillitFit baggage compliance check with a smart packing strategy for Singapore Air,sa-tip-000002,Combine your WillitFit baggage compliance check with a smart packing strategy for Singapore Airlines to avoid 'baggage anxiety'. Organizing your essentials into modular pouches that fit the WillitFit-approved dimensions makes transferring through Singapore Airlines security much faster.,General Travel Hacks,singapore airlines travel tips,Check your bag size,Draft,Singapore Airlines,General Travel,Universal,Luggage Scale,3,Approved,13_Content,SA-TIP-000002,RTC-003,Eligible for Review,General Travel | Universal,3,Awaiting explicit release approval
DLH-TIP-000002,Use the WillitFit audit tool to verify your bag against Lufthansa's specific cabin dimensions b,dlh-tip-000002,Use the WillitFit audit tool to verify your bag against Lufthansa's specific cabin dimensions before packing. Even a half-inch difference can lead to a gate-check fee; pre-verifying your gear ensures you stay within Lufthansa's strict allowance.,Packing/Baggage,lufthansa travel tips,Check your bag size,Draft,Lufthansa,Before Packing,Universal,Luggage Scale,3,Approved,13_Content,DLH-TIP-000002,RTC-003,Eligible for Review,Before Packing | Universal,3,Awaiting explicit release approval
AME-TIP-000003,"When flying American, always check the airport's specific bag-drop-off cut-off times, which are",ame-tip-000003,"When flying American, always check the airport's specific bag-drop-off cut-off times, which are often stricter than the flight boarding time. Use your WillitFit profile to keep a record of your bag's 'fit status' so you can breeze through self-service kiosks at American hubs.",Airport Experience,american travel tips,Check your bag size,Draft,American,At the Airport,Universal,Luggage Scale,3,Approved,13_Content,AME-TIP-000003,RTC-003,Eligible for Review,At the Airport | Universal,3,Awaiting explicit release approval
DEL-TIP-000002,"On Delta flights, maximizing your footwell space is crucial; if you've brought a 'personal item",del-tip-000002,"On Delta flights, maximizing your footwell space is crucial; if you've brought a 'personal item' that fits the WillitFit audit, stow it efficiently. Keeping the floor clear of bulky bags helps you reclaim your personal space during long-haul Delta journeys.",In-Flight Comfort,delta travel tips,Check your bag size,Draft,Delta,During Flight,Universal,Luggage Scale,3,Approved,13_Content,DEL-TIP-000002,RTC-003,Eligible for Review,During Flight | Universal,3,Awaiting explicit release approval
RYR-TIP-000002,Combine your WillitFit baggage compliance check with a smart packing strategy for Ryanair to av,ryr-tip-000002,Combine your WillitFit baggage compliance check with a smart packing strategy for Ryanair to avoid 'baggage anxiety'. Organizing your essentials into modular pouches that fit the WillitFit-approved dimensions makes transferring through Ryanair security much faster.,General Travel Hacks,ryanair travel tips,Check your bag size,Draft,Ryanair,General Travel,Universal,Luggage Scale,3,Approved,13_Content,RYR-TIP-000002,RTC-003,Eligible for Review,General Travel | Universal,3,Awaiting explicit release approval
VA-TIP-000002,"When flying Virgin Atlantic, always check the airport's specific bag-drop-off cut-off times, wh",va-tip-000002,"When flying Virgin Atlantic, always check the airport's specific bag-drop-off cut-off times, which are often stricter than the flight boarding time. Use your WillitFit profile to keep a record of your bag's 'fit status' so you can breeze through self-service kiosks at Virgin Atlantic hubs.",Airport Experience,virgin atlantic travel tips,Check your bag size,Draft,Virgin Atlantic,At the Airport,Universal,Luggage Scale,3,Approved,13_Content,VA-TIP-000002,RTC-003,Eligible for Review,At the Airport | Universal,3,Awaiting explicit release approval
VA-TIP-000003,"When flying Virgin Atlantic, always check the airport's specific bag-drop-off cut-off times, wh",va-tip-000003,"When flying Virgin Atlantic, always check the airport's specific bag-drop-off cut-off times, which are often stricter than the flight boarding time. Use your WillitFit profile to keep a record of your bag's 'fit status' so you can breeze through self-service kiosks at Virgin Atlantic hubs.",Airport Experience,virgin atlantic travel tips,Check your bag size,Draft,Virgin Atlantic,At the Airport,Universal,Luggage Scale,3,Approved,13_Content,VA-TIP-000003,RTC-003,Eligible for Review,At the Airport | Universal,3,Awaiting explicit release approval
AFR-TIP-000003,Combine your WillitFit baggage compliance check with a smart packing strategy for Air France to,afr-tip-000003,Combine your WillitFit baggage compliance check with a smart packing strategy for Air France to avoid 'baggage anxiety'. Organizing your essentials into modular pouches that fit the WillitFit-approved dimensions makes transferring through Air France security much faster.,General Travel Hacks,air france travel tips,Check your bag size,Draft,Air France,General Travel,Universal,Luggage Scale,3,Approved,13_Content,AFR-TIP-000003,RTC-003,Eligible for Review,General Travel | Universal,3,Awaiting explicit release approval
UNI-TIP-000004,"On United flights, maximizing your footwell space is crucial; if you've brought a 'personal ite",uni-tip-000004,"On United flights, maximizing your footwell space is crucial; if you've brought a 'personal item' that fits the WillitFit audit, stow it efficiently. Keeping the floor clear of bulky bags helps you reclaim your personal space during long-haul United journeys.",In-Flight Comfort,united travel tips,Check your bag size,Draft,United,During Flight,Universal,Luggage Scale,3,Approved,13_Content,UNI-TIP-000004,RTC-003,Eligible for Review,During Flight | Universal,3,Awaiting explicit release approval
CP-TIP-000004,Combine your WillitFit baggage compliance check with a smart packing strategy for Cathay Pacifi,cp-tip-000004,Combine your WillitFit baggage compliance check with a smart packing strategy for Cathay Pacific to avoid 'baggage anxiety'. Organizing your essentials into modular pouches that fit the WillitFit-approved dimensions makes transferring through Cathay Pacific security much faster.,General Travel Hacks,cathay pacific travel tips,Check your bag size,Draft,Cathay Pacific,General Travel,Universal,Luggage Scale,3,Approved,13_Content,CP-TIP-000004,RTC-003,Eligible for Review,General Travel | Universal,3,Awaiting explicit release approval
KLM-TIP-000001,"When flying KLM, always check the airport's specific bag-drop-off cut-off times, which are ofte",klm-tip-000001,"When flying KLM, always check the airport's specific bag-drop-off cut-off times, which are often stricter than the flight boarding time. Use your WillitFit profile to keep a record of your bag's 'fit status' so you can breeze through self-service kiosks at KLM hubs.",Airport Experience,klm travel tips,Check your bag size,Draft,KLM,At the Airport,Universal,Luggage Scale,3,Approved,13_Content,KLM-TIP-000001,RTC-003,Eligible for Review,At the Airport | Universal,3,Awaiting explicit release approval
RYR-TIP-000003,"When flying Ryanair, always check the airport's specific bag-drop-off cut-off times, which are",ryr-tip-000003,"When flying Ryanair, always check the airport's specific bag-drop-off cut-off times, which are often stricter than the flight boarding time. Use your WillitFit profile to keep a record of your bag's 'fit status' so you can breeze through self-service kiosks at Ryanair hubs.",Airport Experience,ryanair travel tips,Check your bag size,Draft,Ryanair,At the Airport,Universal,Luggage Scale,3,Approved,13_Content,RYR-TIP-000003,RTC-003,Eligible for Review,At the Airport | Universal,3,Awaiting explicit release approval
KLM-TIP-000002,Use the WillitFit audit tool to verify your bag against KLM's specific cabin dimensions before,klm-tip-000002,Use the WillitFit audit tool to verify your bag against KLM's specific cabin dimensions before packing. Even a half-inch difference can lead to a gate-check fee; pre-verifying your gear ensures you stay within KLM's strict allowance.,Packing/Baggage,klm travel tips,Check your bag size,Draft,KLM,Before Packing,Universal,Luggage Scale,3,Approved,13_Content,KLM-TIP-000002,RTC-003,Eligible for Review,Before Packing | Universal,3,Awaiting explicit release approval
JET2-TIP-000004,"On Jet2 flights, maximizing your footwell space is crucial; if you've brought a 'personal item'",jet2-tip-000004,"On Jet2 flights, maximizing your footwell space is crucial; if you've brought a 'personal item' that fits the WillitFit audit, stow it efficiently. Keeping the floor clear of bulky bags helps you reclaim your personal space during long-haul Jet2 journeys.",In-Flight Comfort,jet2 travel tips,Check your bag size,Draft,Jet2,During Flight,Universal,Luggage Scale,3,Approved,13_Content,JET2-TIP-000004,RTC-003,Eligible for Review,During Flight | Universal,3,Awaiting explicit release approval
DLH-TIP-000003,"When flying Lufthansa, always check the airport's specific bag-drop-off cut-off times, which ar",dlh-tip-000003,"When flying Lufthansa, always check the airport's specific bag-drop-off cut-off times, which are often stricter than the flight boarding time. Use your WillitFit profile to keep a record of your bag's 'fit status' so you can breeze through self-service kiosks at Lufthansa hubs.",Airport Experience,lufthansa travel tips,Check your bag size,Draft,Lufthansa,At the Airport,Universal,Luggage Scale,3,Approved,13_Content,DLH-TIP-000003,RTC-003,Eligible for Review,At the Airport | Universal,3,Awaiting explicit release approval
AME-TIP-000004,Use the WillitFit audit tool to verify your bag against American's specific cabin dimensions be,ame-tip-000004,Use the WillitFit audit tool to verify your bag against American's specific cabin dimensions before packing. Even a half-inch difference can lead to a gate-check fee; pre-verifying your gear ensures you stay within American's strict allowance.,Packing/Baggage,american travel tips,Check your bag size,Draft,American,Before Packing,Universal,Luggage Scale,3,Approved,13_Content,AME-TIP-000004,RTC-003,Eligible for Review,Before Packing | Universal,3,Awaiting explicit release approval
VA-TIP-000004,Use the WillitFit audit tool to verify your bag against Virgin Atlantic's specific cabin dimens,va-tip-000004,Use the WillitFit audit tool to verify your bag against Virgin Atlantic's specific cabin dimensions before packing. Even a half-inch difference can lead to a gate-check fee; pre-verifying your gear ensures you stay within Virgin Atlantic's strict allowance.,Packing/Baggage,virgin atlantic travel tips,Check your bag size,Draft,Virgin Atlantic,Before Packing,Universal,Luggage Scale,3,Approved,13_Content,VA-TIP-000004,RTC-003,Eligible for Review,Before Packing | Universal,3,Awaiting explicit release approval
DEL-TIP-000003,"On Delta flights, maximizing your footwell space is crucial; if you've brought a 'personal item",del-tip-000003,"On Delta flights, maximizing your footwell space is crucial; if you've brought a 'personal item' that fits the WillitFit audit, stow it efficiently. Keeping the floor clear of bulky bags helps you reclaim your personal space during long-haul Delta journeys.",In-Flight Comfort,delta travel tips,Check your bag size,Draft,Delta,During Flight,Universal,Luggage Scale,3,Approved,13_Content,DEL-TIP-000003,RTC-003,Eligible for Review,During Flight | Universal,3,Awaiting explicit release approval
DEL-TIP-000004,"When flying Delta, always check the airport's specific bag-drop-off cut-off times, which are of",del-tip-000004,"When flying Delta, always check the airport's specific bag-drop-off cut-off times, which are often stricter than the flight boarding time. Use your WillitFit profile to keep a record of your bag's 'fit status' so you can breeze through self-service kiosks at Delta hubs.",Airport Experience,delta travel tips,Check your bag size,Draft,Delta,At the Airport,Universal,Luggage Scale,3,Approved,13_Content,DEL-TIP-000004,RTC-003,Eligible for Review,At the Airport | Universal,3,Awaiting explicit release approval
DEL-TIP-000005,"When flying Delta, always check the airport's specific bag-drop-off cut-off times, which are of",del-tip-000005,"When flying Delta, always check the airport's specific bag-drop-off cut-off times, which are often stricter than the flight boarding time. Use your WillitFit profile to keep a record of your bag's 'fit status' so you can breeze through self-service kiosks at Delta hubs.",Airport Experience,delta travel tips,Check your bag size,Draft,Delta,At the Airport,Universal,Luggage Scale,3,Approved,13_Content,DEL-TIP-000005,RTC-003,Eligible for Review,At the Airport | Universal,3,Awaiting explicit release approval
AME-TIP-000005,"When flying American, always check the airport's specific bag-drop-off cut-off times, which are",ame-tip-000005,"When flying American, always check the airport's specific bag-drop-off cut-off times, which are often stricter than the flight boarding time. Use your WillitFit profile to keep a record of your bag's 'fit status' so you can breeze through self-service kiosks at American hubs.",Airport Experience,american travel tips,Check your bag size,Draft,American,At the Airport,Universal,Luggage Scale,3,Approved,13_Content,AME-TIP-000005,RTC-003,Eligible for Review,At the Airport | Universal,3,Awaiting explicit release approval
VA-TIP-000005,Use the WillitFit audit tool to verify your bag against Virgin Atlantic's specific cabin dimens,va-tip-000005,Use the WillitFit audit tool to verify your bag against Virgin Atlantic's specific cabin dimensions before packing. Even a half-inch difference can lead to a gate-check fee; pre-verifying your gear ensures you stay within Virgin Atlantic's strict allowance.,Packing/Baggage,virgin atlantic travel tips,Check your bag size,Draft,Virgin Atlantic,Before Packing,Universal,Luggage Scale,3,Approved,13_Content,VA-TIP-000005,RTC-003,Eligible for Review,Before Packing | Universal,3,Awaiting explicit release approval
BAW-TIP-000001,"When flying British Airways, always check the airport's specific bag-drop-off cut-off times, wh",baw-tip-000001,"When flying British Airways, always check the airport's specific bag-drop-off cut-off times, which are often stricter than the flight boarding time. Use your WillitFit profile to keep a record of your bag's 'fit status' so you can breeze through self-service kiosks at British Airways hubs.",Airport Experience,british airways travel tips,Check your bag size,Draft,British Airways,At the Airport,Universal,Luggage Scale,3,Approved,13_Content,BAW-TIP-000001,RTC-003,Eligible for Review,At the Airport | Universal,3,Awaiting explicit release approval
UNI-TIP-000005,Combine your WillitFit baggage compliance check with a smart packing strategy for United to avo,uni-tip-000005,Combine your WillitFit baggage compliance check with a smart packing strategy for United to avoid 'baggage anxiety'. Organizing your essentials into modular pouches that fit the WillitFit-approved dimensions makes transferring through United security much faster.,General Travel Hacks,united travel tips,Check your bag size,Draft,United,General Travel,Universal,Luggage Scale,3,Approved,13_Content,UNI-TIP-000005,RTC-003,Eligible for Review,General Travel | Universal,3,Awaiting explicit release approval
KLM-TIP-000003,"When flying KLM, always check the airport's specific bag-drop-off cut-off times, which are ofte",klm-tip-000003,"When flying KLM, always check the airport's specific bag-drop-off cut-off times, which are often stricter than the flight boarding time. Use your WillitFit profile to keep a record of your bag's 'fit status' so you can breeze through self-service kiosks at KLM hubs.",Airport Experience,klm travel tips,Check your bag size,Draft,KLM,At the Airport,Universal,Luggage Scale,3,Approved,13_Content,KLM-TIP-000003,RTC-003,Eligible for Review,At the Airport | Universal,3,Awaiting explicit release approval
EZY-TIP-000004,Combine your WillitFit baggage compliance check with a smart packing strategy for EasyJet to av,ezy-tip-000004,Combine your WillitFit baggage compliance check with a smart packing strategy for EasyJet to avoid 'baggage anxiety'. Organizing your essentials into modular pouches that fit the WillitFit-approved dimensions makes transferring through EasyJet security much faster.,General Travel Hacks,easyjet travel tips,Check your bag size,Draft,EasyJet,General Travel,Universal,Luggage Scale,3,Approved,13_Content,EZY-TIP-000004,RTC-003,Eligible for Review,General Travel | Universal,3,Awaiting explicit release approval
QA-TIP-000002,"When flying Qatar Airways, always check the airport's specific bag-drop-off cut-off times, whic",qa-tip-000002,"When flying Qatar Airways, always check the airport's specific bag-drop-off cut-off times, which are often stricter than the flight boarding time. Use your WillitFit profile to keep a record of your bag's 'fit status' so you can breeze through self-service kiosks at Qatar Airways hubs.",Airport Experience,qatar airways travel tips,Check your bag size,Draft,Qatar Airways,At the Airport,Universal,Luggage Scale,3,Approved,13_Content,QA-TIP-000002,RTC-003,Eligible for Review,At the Airport | Universal,3,Awaiting explicit release approval
UNI-TIP-000006,Combine your WillitFit baggage compliance check with a smart packing strategy for United to avo,uni-tip-000006,Combine your WillitFit baggage compliance check with a smart packing strategy for United to avoid 'baggage anxiety'. Organizing your essentials into modular pouches that fit the WillitFit-approved dimensions makes transferring through United security much faster.,General Travel Hacks,united travel tips,Check your bag size,Draft,United,General Travel,Universal,Luggage Scale,3,Approved,13_Content,UNI-TIP-000006,RTC-003,Eligible for Review,General Travel | Universal,3,Awaiting explicit release approval
AFR-TIP-000004,"When flying Air France, always check the airport's specific bag-drop-off cut-off times, which a",afr-tip-000004,"When flying Air France, always check the airport's specific bag-drop-off cut-off times, which are often stricter than the flight boarding time. Use your WillitFit profile to keep a record of your bag's 'fit status' so you can breeze through self-service kiosks at Air France hubs.",Airport Experience,air france travel tips,Check your bag size,Draft,Air France,At the Airport,Universal,Luggage Scale,3,Approved,13_Content,AFR-TIP-000004,RTC-003,Eligible for Review,At the Airport | Universal,3,Awaiting explicit release approval
UNI-TIP-000007,"When flying United, always check the airport's specific bag-drop-off cut-off times, which are o",uni-tip-000007,"When flying United, always check the airport's specific bag-drop-off cut-off times, which are often stricter than the flight boarding time. Use your WillitFit profile to keep a record of your bag's 'fit status' so you can breeze through self-service kiosks at United hubs.",Airport Experience,united travel tips,Check your bag size,Draft,United,At the Airport,Universal,Luggage Scale,3,Approved,13_Content,UNI-TIP-000007,RTC-003,Eligible for Review,At the Airport | Universal,3,Awaiting explicit release approval
AME-TIP-000006,"When flying American, always check the airport's specific bag-drop-off cut-off times, which are",ame-tip-000006,"When flying American, always check the airport's specific bag-drop-off cut-off times, which are often stricter than the flight boarding time. Use your WillitFit profile to keep a record of your bag's 'fit status' so you can breeze through self-service kiosks at American hubs.",Airport Experience,american travel tips,Check your bag size,Draft,American,At the Airport,Universal,Luggage Scale,3,Approved,13_Content,AME-TIP-000006,RTC-003,Eligible for Review,At the Airport | Universal,3,Awaiting explicit release approval
CP-TIP-000005,Use the WillitFit audit tool to verify your bag against Cathay Pacific's specific cabin dimensi,cp-tip-000005,Use the WillitFit audit tool to verify your bag against Cathay Pacific's specific cabin dimensions before packing. Even a half-inch difference can lead to a gate-check fee; pre-verifying your gear ensures you stay within Cathay Pacific's strict allowance.,Packing/Baggage,cathay pacific travel tips,Check your bag size,Draft,Cathay Pacific,Before Packing,Universal,Luggage Scale,3,Approved,13_Content,CP-TIP-000005,RTC-003,Eligible for Review,Before Packing | Universal,3,Awaiting explicit release approval
AFR-TIP-000005,Use the WillitFit audit tool to verify your bag against Air France's specific cabin dimensions,afr-tip-000005,Use the WillitFit audit tool to verify your bag against Air France's specific cabin dimensions before packing. Even a half-inch difference can lead to a gate-check fee; pre-verifying your gear ensures you stay within Air France's strict allowance.,Packing/Baggage,air france travel tips,Check your bag size,Draft,Air France,Before Packing,Universal,Luggage Scale,3,Approved,13_Content,AFR-TIP-000005,RTC-003,Eligible for Review,Before Packing | Universal,3,Awaiting explicit release approval
JET2-TIP-000005,Use the WillitFit audit tool to verify your bag against Jet2's specific cabin dimensions before,jet2-tip-000005,Use the WillitFit audit tool to verify your bag against Jet2's specific cabin dimensions before packing. Even a half-inch difference can lead to a gate-check fee; pre-verifying your gear ensures you stay within Jet2's strict allowance.,Packing/Baggage,jet2 travel tips,Check your bag size,Draft,Jet2,Before Packing,Universal,Luggage Scale,3,Approved,13_Content,JET2-TIP-000005,RTC-003,Eligible for Review,Before Packing | Universal,3,Awaiting explicit release approval
VA-TIP-000006,Combine your WillitFit baggage compliance check with a smart packing strategy for Virgin Atlant,va-tip-000006,Combine your WillitFit baggage compliance check with a smart packing strategy for Virgin Atlantic to avoid 'baggage anxiety'. Organizing your essentials into modular pouches that fit the WillitFit-approved dimensions makes transferring through Virgin Atlantic security much faster.,General Travel Hacks,virgin atlantic travel tips,Check your bag size,Draft,Virgin Atlantic,General Travel,Universal,Luggage Scale,3,Approved,13_Content,VA-TIP-000006,RTC-003,Eligible for Review,General Travel | Universal,3,Awaiting explicit release approval
EZY-TIP-000005,"When flying EasyJet, always check the airport's specific bag-drop-off cut-off times, which are",ezy-tip-000005,"When flying EasyJet, always check the airport's specific bag-drop-off cut-off times, which are often stricter than the flight boarding time. Use your WillitFit profile to keep a record of your bag's 'fit status' so you can breeze through self-service kiosks at EasyJet hubs.",Airport Experience,easyjet travel tips,Check your bag size,Draft,EasyJet,At the Airport,Universal,Luggage Scale,3,Approved,13_Content,EZY-TIP-000005,RTC-003,Eligible for Review,At the Airport | Universal,3,Awaiting explicit release approval
AFR-TIP-000006,"On Air France flights, maximizing your footwell space is crucial; if you've brought a 'personal",afr-tip-000006,"On Air France flights, maximizing your footwell space is crucial; if you've brought a 'personal item' that fits the WillitFit audit, stow it efficiently. Keeping the floor clear of bulky bags helps you reclaim your personal space during long-haul Air France journeys.",In-Flight Comfort,air france travel tips,Check your bag size,Draft,Air France,During Flight,Universal,Luggage Scale,3,Approved,13_Content,AFR-TIP-000006,RTC-003,Eligible for Review,During Flight | Universal,3,Awaiting explicit release approval
AME-TIP-000007,"On American flights, maximizing your footwell space is crucial; if you've brought a 'personal i",ame-tip-000007,"On American flights, maximizing your footwell space is crucial; if you've brought a 'personal item' that fits the WillitFit audit, stow it efficiently. Keeping the floor clear of bulky bags helps you reclaim your personal space during long-haul American journeys.",In-Flight Comfort,american travel tips,Check your bag size,Draft,American,During Flight,Universal,Luggage Scale,3,Approved,13_Content,AME-TIP-000007,RTC-003,Eligible for Review,During Flight | Universal,3,Awaiting explicit release approval
AME-TIP-000008,Use the WillitFit audit tool to verify your bag against American's specific cabin dimensions be,ame-tip-000008,Use the WillitFit audit tool to verify your bag against American's specific cabin dimensions before packing. Even a half-inch difference can lead to a gate-check fee; pre-verifying your gear ensures you stay within American's strict allowance.,Packing/Baggage,american travel tips,Check your bag size,Draft,American,Before Packing,Universal,Luggage Scale,3,Approved,13_Content,AME-TIP-000008,RTC-003,Eligible for Review,Before Packing | Universal,3,Awaiting explicit release approval
EMI-TIP-000003,"On Emirates flights, maximizing your footwell space is crucial; if you've brought a 'personal i",emi-tip-000003,"On Emirates flights, maximizing your footwell space is crucial; if you've brought a 'personal item' that fits the WillitFit audit, stow it efficiently. Keeping the floor clear of bulky bags helps you reclaim your personal space during long-haul Emirates journeys.",In-Flight Comfort,emirates travel tips,Check your bag size,Draft,Emirates,During Flight,Universal,Luggage Scale,3,Approved,13_Content,EMI-TIP-000003,RTC-003,Eligible for Review,During Flight | Universal,3,Awaiting explicit release approval
DEL-TIP-000006,"When flying Delta, always check the airport's specific bag-drop-off cut-off times, which are of",del-tip-000006,"When flying Delta, always check the airport's specific bag-drop-off cut-off times, which are often stricter than the flight boarding time. Use your WillitFit profile to keep a record of your bag's 'fit status' so you can breeze through self-service kiosks at Delta hubs.",Airport Experience,delta travel tips,Check your bag size,Draft,Delta,At the Airport,Universal,Luggage Scale,3,Approved,13_Content,DEL-TIP-000006,RTC-003,Eligible for Review,At the Airport | Universal,3,Awaiting explicit release approval
KLM-TIP-000004,Combine your WillitFit baggage compliance check with a smart packing strategy for KLM to avoid,klm-tip-000004,Combine your WillitFit baggage compliance check with a smart packing strategy for KLM to avoid 'baggage anxiety'. Organizing your essentials into modular pouches that fit the WillitFit-approved dimensions makes transferring through KLM security much faster.,General Travel Hacks,klm travel tips,Check your bag size,Draft,KLM,General Travel,Universal,Luggage Scale,3,Approved,13_Content,KLM-TIP-000004,RTC-003,Eligible for Review,General Travel | Universal,3,Awaiting explicit release approval
AME-TIP-000009,Use the WillitFit audit tool to verify your bag against American's specific cabin dimensions be,ame-tip-000009,Use the WillitFit audit tool to verify your bag against American's specific cabin dimensions before packing. Even a half-inch difference can lead to a gate-check fee; pre-verifying your gear ensures you stay within American's strict allowance.,Packing/Baggage,american travel tips,Check your bag size,Draft,American,Before Packing,Universal,Luggage Scale,3,Approved,13_Content,AME-TIP-000009,RTC-003,Eligible for Review,Before Packing | Universal,3,Awaiting explicit release approval
SA-TIP-000003,"When flying Singapore Airlines, always check the airport's specific bag-drop-off cut-off times,",sa-tip-000003,"When flying Singapore Airlines, always check the airport's specific bag-drop-off cut-off times, which are often stricter than the flight boarding time. Use your WillitFit profile to keep a record of your bag's 'fit status' so you can breeze through self-service kiosks at Singapore Airlines hubs.",Airport Experience,singapore airlines travel tips,Check your bag size,Draft,Singapore Airlines,At the Airport,Universal,Luggage Scale,3,Approved,13_Content,SA-TIP-000003,RTC-003,Eligible for Review,At the Airport | Universal,3,Awaiting explicit release approval
DLH-TIP-000004,"When flying Lufthansa, always check the airport's specific bag-drop-off cut-off times, which ar",dlh-tip-000004,"When flying Lufthansa, always check the airport's specific bag-drop-off cut-off times, which are often stricter than the flight boarding time. Use your WillitFit profile to keep a record of your bag's 'fit status' so you can breeze through self-service kiosks at Lufthansa hubs.",Airport Experience,lufthansa travel tips,Check your bag size,Draft,Lufthansa,At the Airport,Universal,Luggage Scale,3,Approved,13_Content,DLH-TIP-000004,RTC-003,Eligible for Review,At the Airport | Universal,3,Awaiting explicit release approval
JET2-TIP-000006,Use the WillitFit audit tool to verify your bag against Jet2's specific cabin dimensions before,jet2-tip-000006,Use the WillitFit audit tool to verify your bag against Jet2's specific cabin dimensions before packing. Even a half-inch difference can lead to a gate-check fee; pre-verifying your gear ensures you stay within Jet2's strict allowance.,Packing/Baggage,jet2 travel tips,Check your bag size,Draft,Jet2,Before Packing,Universal,Luggage Scale,3,Approved,13_Content,JET2-TIP-000006,RTC-003,Eligible for Review,Before Packing | Universal,3,Awaiting explicit release approval
SA-TIP-000004,Use the WillitFit audit tool to verify your bag against Singapore Airlines's specific cabin dim,sa-tip-000004,Use the WillitFit audit tool to verify your bag against Singapore Airlines's specific cabin dimensions before packing. Even a half-inch difference can lead to a gate-check fee; pre-verifying your gear ensures you stay within Singapore Airlines's strict allowance.,Packing/Baggage,singapore airlines travel tips,Check your bag size,Draft,Singapore Airlines,Before Packing,Universal,Luggage Scale,3,Approved,13_Content,SA-TIP-000004,RTC-003,Eligible for Review,Before Packing | Universal,3,Awaiting explicit release approval
EZY-TIP-000006,"On EasyJet flights, maximizing your footwell space is crucial; if you've brought a 'personal it",ezy-tip-000006,"On EasyJet flights, maximizing your footwell space is crucial; if you've brought a 'personal item' that fits the WillitFit audit, stow it efficiently. Keeping the floor clear of bulky bags helps you reclaim your personal space during long-haul EasyJet journeys.",In-Flight Comfort,easyjet travel tips,Check your bag size,Draft,EasyJet,During Flight,Universal,Luggage Scale,3,Approved,13_Content,EZY-TIP-000006,RTC-003,Eligible for Review,During Flight | Universal,3,Awaiting explicit release approval
CP-TIP-000006,"When flying Cathay Pacific, always check the airport's specific bag-drop-off cut-off times, whi",cp-tip-000006,"When flying Cathay Pacific, always check the airport's specific bag-drop-off cut-off times, which are often stricter than the flight boarding time. Use your WillitFit profile to keep a record of your bag's 'fit status' so you can breeze through self-service kiosks at Cathay Pacific hubs.",Airport Experience,cathay pacific travel tips,Check your bag size,Draft,Cathay Pacific,At the Airport,Universal,Luggage Scale,3,Approved,13_Content,CP-TIP-000006,RTC-003,Eligible for Review,At the Airport | Universal,3,Awaiting explicit release approval
CP-TIP-000007,"On Cathay Pacific flights, maximizing your footwell space is crucial; if you've brought a 'pers",cp-tip-000007,"On Cathay Pacific flights, maximizing your footwell space is crucial; if you've brought a 'personal item' that fits the WillitFit audit, stow it efficiently. Keeping the floor clear of bulky bags helps you reclaim your personal space during long-haul Cathay Pacific journeys.",In-Flight Comfort,cathay pacific travel tips,Check your bag size,Draft,Cathay Pacific,During Flight,Universal,Luggage Scale,3,Approved,13_Content,CP-TIP-000007,RTC-003,Eligible for Review,During Flight | Universal,3,Awaiting explicit release approval
AFR-TIP-000007,Use the WillitFit audit tool to verify your bag against Air France's specific cabin dimensions,afr-tip-000007,Use the WillitFit audit tool to verify your bag against Air France's specific cabin dimensions before packing. Even a half-inch difference can lead to a gate-check fee; pre-verifying your gear ensures you stay within Air France's strict allowance.,Packing/Baggage,air france travel tips,Check your bag size,Draft,Air France,Before Packing,Universal,Luggage Scale,3,Approved,13_Content,AFR-TIP-000007,RTC-003,Eligible for Review,Before Packing | Universal,3,Awaiting explicit release approval
AFR-TIP-000008,"On Air France flights, maximizing your footwell space is crucial; if you've brought a 'personal",afr-tip-000008,"On Air France flights, maximizing your footwell space is crucial; if you've brought a 'personal item' that fits the WillitFit audit, stow it efficiently. Keeping the floor clear of bulky bags helps you reclaim your personal space during long-haul Air France journeys.",In-Flight Comfort,air france travel tips,Check your bag size,Draft,Air France,During Flight,Universal,Luggage Scale,3,Approved,13_Content,AFR-TIP-000008,RTC-003,Eligible for Review,During Flight | Universal,3,Awaiting explicit release approval
BAW-TIP-000002,"On British Airways flights, maximizing your footwell space is crucial; if you've brought a 'per",baw-tip-000002,"On British Airways flights, maximizing your footwell space is crucial; if you've brought a 'personal item' that fits the WillitFit audit, stow it efficiently. Keeping the floor clear of bulky bags helps you reclaim your personal space during long-haul British Airways journeys.",In-Flight Comfort,british airways travel tips,Check your bag size,Draft,British Airways,During Flight,Universal,Luggage Scale,3,Approved,13_Content,BAW-TIP-000002,RTC-003,Eligible for Review,During Flight | Universal,3,Awaiting explicit release approval
CP-TIP-000008,Combine your WillitFit baggage compliance check with a smart packing strategy for Cathay Pacifi,cp-tip-000008,Combine your WillitFit baggage compliance check with a smart packing strategy for Cathay Pacific to avoid 'baggage anxiety'. Organizing your essentials into modular pouches that fit the WillitFit-approved dimensions makes transferring through Cathay Pacific security much faster.,General Travel Hacks,cathay pacific travel tips,Check your bag size,Draft,Cathay Pacific,General Travel,Universal,Luggage Scale,3,Approved,13_Content,CP-TIP-000008,RTC-003,Eligible for Review,General Travel | Universal,3,Awaiting explicit release approval
RYR-TIP-000004,"On Ryanair flights, maximizing your footwell space is crucial; if you've brought a 'personal it",ryr-tip-000004,"On Ryanair flights, maximizing your footwell space is crucial; if you've brought a 'personal item' that fits the WillitFit audit, stow it efficiently. Keeping the floor clear of bulky bags helps you reclaim your personal space during long-haul Ryanair journeys.",In-Flight Comfort,ryanair travel tips,Check your bag size,Draft,Ryanair,During Flight,Universal,Luggage Scale,3,Approved,13_Content,RYR-TIP-000004,RTC-003,Eligible for Review,During Flight | Universal,3,Awaiting explicit release approval
EZY-TIP-000007,Use the WillitFit audit tool to verify your bag against EasyJet's specific cabin dimensions bef,ezy-tip-000007,Use the WillitFit audit tool to verify your bag against EasyJet's specific cabin dimensions before packing. Even a half-inch difference can lead to a gate-check fee; pre-verifying your gear ensures you stay within EasyJet's strict allowance.,Packing/Baggage,easyjet travel tips,Check your bag size,Draft,EasyJet,Before Packing,Universal,Luggage Scale,3,Approved,13_Content,EZY-TIP-000007,RTC-003,Eligible for Review,Before Packing | Universal,3,Awaiting explicit release approval
EZY-TIP-000008,Use the WillitFit audit tool to verify your bag against EasyJet's specific cabin dimensions bef,ezy-tip-000008,Use the WillitFit audit tool to verify your bag against EasyJet's specific cabin dimensions before packing. Even a half-inch difference can lead to a gate-check fee; pre-verifying your gear ensures you stay within EasyJet's strict allowance.,Packing/Baggage,easyjet travel tips,Check your bag size,Draft,EasyJet,Before Packing,Universal,Luggage Scale,3,Approved,13_Content,EZY-TIP-000008,RTC-003,Eligible for Review,Before Packing | Universal,3,Awaiting explicit release approval
EZY-TIP-000009,"When flying EasyJet, always check the airport's specific bag-drop-off cut-off times, which are",ezy-tip-000009,"When flying EasyJet, always check the airport's specific bag-drop-off cut-off times, which are often stricter than the flight boarding time. Use your WillitFit profile to keep a record of your bag's 'fit status' so you can breeze through self-service kiosks at EasyJet hubs.",Airport Experience,easyjet travel tips,Check your bag size,Draft,EasyJet,At the Airport,Universal,Luggage Scale,3,Approved,13_Content,EZY-TIP-000009,RTC-003,Eligible for Review,At the Airport | Universal,3,Awaiting explicit release approval
AFR-TIP-000009,"On Air France flights, maximizing your footwell space is crucial; if you've brought a 'personal",afr-tip-000009,"On Air France flights, maximizing your footwell space is crucial; if you've brought a 'personal item' that fits the WillitFit audit, stow it efficiently. Keeping the floor clear of bulky bags helps you reclaim your personal space during long-haul Air France journeys.",In-Flight Comfort,air france travel tips,Check your bag size,Draft,Air France,During Flight,Universal,Luggage Scale,3,Approved,13_Content,AFR-TIP-000009,RTC-003,Eligible for Review,During Flight | Universal,3,Awaiting explicit release approval
DEL-TIP-000007,Use the WillitFit audit tool to verify your bag against Delta's specific cabin dimensions befor,del-tip-000007,Use the WillitFit audit tool to verify your bag against Delta's specific cabin dimensions before packing. Even a half-inch difference can lead to a gate-check fee; pre-verifying your gear ensures you stay within Delta's strict allowance.,Packing/Baggage,delta travel tips,Check your bag size,Draft,Delta,Before Packing,Universal,Luggage Scale,3,Approved,13_Content,DEL-TIP-000007,RTC-003,Eligible for Review,Before Packing | Universal,3,Awaiting explicit release approval
KLM-TIP-000005,Combine your WillitFit baggage compliance check with a smart packing strategy for KLM to avoid,klm-tip-000005,Combine your WillitFit baggage compliance check with a smart packing strategy for KLM to avoid 'baggage anxiety'. Organizing your essentials into modular pouches that fit the WillitFit-approved dimensions makes transferring through KLM security much faster.,General Travel Hacks,klm travel tips,Check your bag size,Draft,KLM,General Travel,Universal,Luggage Scale,3,Approved,13_Content,KLM-TIP-000005,RTC-003,Eligible for Review,General Travel | Universal,3,Awaiting explicit release approval
EMI-TIP-000004,"When flying Emirates, always check the airport's specific bag-drop-off cut-off times, which are",emi-tip-000004,"When flying Emirates, always check the airport's specific bag-drop-off cut-off times, which are often stricter than the flight boarding time. Use your WillitFit profile to keep a record of your bag's 'fit status' so you can breeze through self-service kiosks at Emirates hubs.",Airport Experience,emirates travel tips,Check your bag size,Draft,Emirates,At the Airport,Universal,Luggage Scale,3,Approved,13_Content,EMI-TIP-000004,RTC-003,Eligible for Review,At the Airport | Universal,3,Awaiting explicit release approval
KLM-TIP-000006,Use the WillitFit audit tool to verify your bag against KLM's specific cabin dimensions before,klm-tip-000006,Use the WillitFit audit tool to verify your bag against KLM's specific cabin dimensions before packing. Even a half-inch difference can lead to a gate-check fee; pre-verifying your gear ensures you stay within KLM's strict allowance.,Packing/Baggage,klm travel tips,Check your bag size,Draft,KLM,Before Packing,Universal,Luggage Scale,3,Approved,13_Content,KLM-TIP-000006,RTC-003,Eligible for Review,Before Packing | Universal,3,Awaiting explicit release approval
UNI-TIP-000008,"When flying United, always check the airport's specific bag-drop-off cut-off times, which are o",uni-tip-000008,"When flying United, always check the airport's specific bag-drop-off cut-off times, which are often stricter than the flight boarding time. Use your WillitFit profile to keep a record of your bag's 'fit status' so you can breeze through self-service kiosks at United hubs.",Airport Experience,united travel tips,Check your bag size,Draft,United,At the Airport,Universal,Luggage Scale,3,Approved,13_Content,UNI-TIP-000008,RTC-003,Eligible for Review,At the Airport | Universal,3,Awaiting explicit release approval
AFR-TIP-000010,"When flying Air France, always check the airport's specific bag-drop-off cut-off times, which a",afr-tip-000010,"When flying Air France, always check the airport's specific bag-drop-off cut-off times, which are often stricter than the flight boarding time. Use your WillitFit profile to keep a record of your bag's 'fit status' so you can breeze through self-service kiosks at Air France hubs.",Airport Experience,air france travel tips,Check your bag size,Draft,Air France,At the Airport,Universal,Luggage Scale,3,Approved,13_Content,AFR-TIP-000010,RTC-003,Eligible for Review,At the Airport | Universal,3,Awaiting explicit release approval
DEL-TIP-000008,Use the WillitFit audit tool to verify your bag against Delta's specific cabin dimensions befor,del-tip-000008,Use the WillitFit audit tool to verify your bag against Delta's specific cabin dimensions before packing. Even a half-inch difference can lead to a gate-check fee; pre-verifying your gear ensures you stay within Delta's strict allowance.,Packing/Baggage,delta travel tips,Check your bag size,Draft,Delta,Before Packing,Universal,Luggage Scale,3,Approved,13_Content,DEL-TIP-000008,RTC-003,Eligible for Review,Before Packing | Universal,3,Awaiting explicit release approval
DEL-TIP-000009,Use the WillitFit audit tool to verify your bag against Delta's specific cabin dimensions befor,del-tip-000009,Use the WillitFit audit tool to verify your bag against Delta's specific cabin dimensions before packing. Even a half-inch difference can lead to a gate-check fee; pre-verifying your gear ensures you stay within Delta's strict allowance.,Packing/Baggage,delta travel tips,Check your bag size,Draft,Delta,Before Packing,Universal,Luggage Scale,3,Approved,13_Content,DEL-TIP-000009,RTC-003,Eligible for Review,Before Packing | Universal,3,Awaiting explicit release approval
EZY-TIP-000010,"On EasyJet flights, maximizing your footwell space is crucial; if you've brought a 'personal it",ezy-tip-000010,"On EasyJet flights, maximizing your footwell space is crucial; if you've brought a 'personal item' that fits the WillitFit audit, stow it efficiently. Keeping the floor clear of bulky bags helps you reclaim your personal space during long-haul EasyJet journeys.",In-Flight Comfort,easyjet travel tips,Check your bag size,Draft,EasyJet,During Flight,Universal,Luggage Scale,3,Approved,13_Content,EZY-TIP-000010,RTC-003,Eligible for Review,During Flight | Universal,3,Awaiting explicit release approval
QA-TIP-000003,"On Qatar Airways flights, maximizing your footwell space is crucial; if you've brought a 'perso",qa-tip-000003,"On Qatar Airways flights, maximizing your footwell space is crucial; if you've brought a 'personal item' that fits the WillitFit audit, stow it efficiently. Keeping the floor clear of bulky bags helps you reclaim your personal space during long-haul Qatar Airways journeys.",In-Flight Comfort,qatar airways travel tips,Check your bag size,Draft,Qatar Airways,During Flight,Universal,Luggage Scale,3,Approved,13_Content,QA-TIP-000003,RTC-003,Eligible for Review,During Flight | Universal,3,Awaiting explicit release approval
EZY-TIP-000011,"When flying EasyJet, always check the airport's specific bag-drop-off cut-off times, which are",ezy-tip-000011,"When flying EasyJet, always check the airport's specific bag-drop-off cut-off times, which are often stricter than the flight boarding time. Use your WillitFit profile to keep a record of your bag's 'fit status' so you can breeze through self-service kiosks at EasyJet hubs.",Airport Experience,easyjet travel tips,Check your bag size,Draft,EasyJet,At the Airport,Universal,Luggage Scale,3,Approved,13_Content,EZY-TIP-000011,RTC-003,Eligible for Review,At the Airport | Universal,3,Awaiting explicit release approval
DEL-TIP-000010,Use the WillitFit audit tool to verify your bag against Delta's specific cabin dimensions befor,del-tip-000010,Use the WillitFit audit tool to verify your bag against Delta's specific cabin dimensions before packing. Even a half-inch difference can lead to a gate-check fee; pre-verifying your gear ensures you stay within Delta's strict allowance.,Packing/Baggage,delta travel tips,Check your bag size,Draft,Delta,Before Packing,Universal,Luggage Scale,3,Approved,13_Content,DEL-TIP-000010,RTC-003,Eligible for Review,Before Packing | Universal,3,Awaiting explicit release approval
EZY-TIP-000012,Combine your WillitFit baggage compliance check with a smart packing strategy for EasyJet to av,ezy-tip-000012,Combine your WillitFit baggage compliance check with a smart packing strategy for EasyJet to avoid 'baggage anxiety'. Organizing your essentials into modular pouches that fit the WillitFit-approved dimensions makes transferring through EasyJet security much faster.,General Travel Hacks,easyjet travel tips,Check your bag size,Draft,EasyJet,General Travel,Universal,Luggage Scale,3,Approved,13_Content,EZY-TIP-000012,RTC-003,Eligible for Review,General Travel | Universal,3,Awaiting explicit release approval
DLH-TIP-000005,Combine your WillitFit baggage compliance check with a smart packing strategy for Lufthansa to,dlh-tip-000005,Combine your WillitFit baggage compliance check with a smart packing strategy for Lufthansa to avoid 'baggage anxiety'. Organizing your essentials into modular pouches that fit the WillitFit-approved dimensions makes transferring through Lufthansa security much faster.,General Travel Hacks,lufthansa travel tips,Check your bag size,Draft,Lufthansa,General Travel,Universal,Luggage Scale,3,Approved,13_Content,DLH-TIP-000005,RTC-003,Eligible for Review,General Travel | Universal,3,Awaiting explicit release approval
SA-TIP-000005,Combine your WillitFit baggage compliance check with a smart packing strategy for Singapore Air,sa-tip-000005,Combine your WillitFit baggage compliance check with a smart packing strategy for Singapore Airlines to avoid 'baggage anxiety'. Organizing your essentials into modular pouches that fit the WillitFit-approved dimensions makes transferring through Singapore Airlines security much faster.,General Travel Hacks,singapore airlines travel tips,Check your bag size,Draft,Singapore Airlines,General Travel,Universal,Luggage Scale,3,Approved,13_Content,SA-TIP-000005,RTC-003,Eligible for Review,General Travel | Universal,3,Awaiting explicit release approval
EMI-TIP-000005,"On Emirates flights, maximizing your footwell space is crucial; if you've brought a 'personal i",emi-tip-000005,"On Emirates flights, maximizing your footwell space is crucial; if you've brought a 'personal item' that fits the WillitFit audit, stow it efficiently. Keeping the floor clear of bulky bags helps you reclaim your personal space during long-haul Emirates journeys.",In-Flight Comfort,emirates travel tips,Check your bag size,Draft,Emirates,During Flight,Universal,Luggage Scale,3,Approved,13_Content,EMI-TIP-000005,RTC-003,Eligible for Review,During Flight | Universal,3,Awaiting explicit release approval
QA-TIP-000004,"When flying Qatar Airways, always check the airport's specific bag-drop-off cut-off times, whic",qa-tip-000004,"When flying Qatar Airways, always check the airport's specific bag-drop-off cut-off times, which are often stricter than the flight boarding time. Use your WillitFit profile to keep a record of your bag's 'fit status' so you can breeze through self-service kiosks at Qatar Airways hubs.",Airport Experience,qatar airways travel tips,Check your bag size,Draft,Qatar Airways,At the Airport,Universal,Luggage Scale,3,Approved,13_Content,QA-TIP-000004,RTC-003,Eligible for Review,At the Airport | Universal,3,Awaiting explicit release approval
RYR-TIP-000005,Use the WillitFit audit tool to verify your bag against Ryanair's specific cabin dimensions bef,ryr-tip-000005,Use the WillitFit audit tool to verify your bag against Ryanair's specific cabin dimensions before packing. Even a half-inch difference can lead to a gate-check fee; pre-verifying your gear ensures you stay within Ryanair's strict allowance.,Packing/Baggage,ryanair travel tips,Check your bag size,Draft,Ryanair,Before Packing,Universal,Luggage Scale,3,Approved,13_Content,RYR-TIP-000005,RTC-003,Eligible for Review,Before Packing | Universal,3,Awaiting explicit release approval
SA-TIP-000006,Use the WillitFit audit tool to verify your bag against Singapore Airlines's specific cabin dim,sa-tip-000006,Use the WillitFit audit tool to verify your bag against Singapore Airlines's specific cabin dimensions before packing. Even a half-inch difference can lead to a gate-check fee; pre-verifying your gear ensures you stay within Singapore Airlines's strict allowance.,Packing/Baggage,singapore airlines travel tips,Check your bag size,Draft,Singapore Airlines,Before Packing,Universal,Luggage Scale,3,Approved,13_Content,SA-TIP-000006,RTC-003,Eligible for Review,Before Packing | Universal,3,Awaiting explicit release approval
SA-TIP-000007,Use the WillitFit audit tool to verify your bag against Singapore Airlines's specific cabin dim,sa-tip-000007,Use the WillitFit audit tool to verify your bag against Singapore Airlines's specific cabin dimensions before packing. Even a half-inch difference can lead to a gate-check fee; pre-verifying your gear ensures you stay within Singapore Airlines's strict allowance.,Packing/Baggage,singapore airlines travel tips,Check your bag size,Draft,Singapore Airlines,Before Packing,Universal,Luggage Scale,3,Approved,13_Content,SA-TIP-000007,RTC-003,Eligible for Review,Before Packing | Universal,3,Awaiting explicit release approval
VA-TIP-000007,Combine your WillitFit baggage compliance check with a smart packing strategy for Virgin Atlant,va-tip-000007,Combine your WillitFit baggage compliance check with a smart packing strategy for Virgin Atlantic to avoid 'baggage anxiety'. Organizing your essentials into modular pouches that fit the WillitFit-approved dimensions makes transferring through Virgin Atlantic security much faster.,General Travel Hacks,virgin atlantic travel tips,Check your bag size,Draft,Virgin Atlantic,General Travel,Universal,Luggage Scale,3,Approved,13_Content,VA-TIP-000007,RTC-003,Eligible for Review,General Travel | Universal,3,Awaiting explicit release approval
AFR-TIP-000011,Combine your WillitFit baggage compliance check with a smart packing strategy for Air France to,afr-tip-000011,Combine your WillitFit baggage compliance check with a smart packing strategy for Air France to avoid 'baggage anxiety'. Organizing your essentials into modular pouches that fit the WillitFit-approved dimensions makes transferring through Air France security much faster.,General Travel Hacks,air france travel tips,Check your bag size,Draft,Air France,General Travel,Universal,Luggage Scale,3,Approved,13_Content,AFR-TIP-000011,RTC-003,Eligible for Review,General Travel | Universal,3,Awaiting explicit release approval
AME-TIP-000010,Use the WillitFit audit tool to verify your bag against American's specific cabin dimensions be,ame-tip-000010,Use the WillitFit audit tool to verify your bag against American's specific cabin dimensions before packing. Even a half-inch difference can lead to a gate-check fee; pre-verifying your gear ensures you stay within American's strict allowance.,Packing/Baggage,american travel tips,Check your bag size,Draft,American,Before Packing,Universal,Luggage Scale,3,Approved,13_Content,AME-TIP-000010,RTC-003,Eligible for Review,Before Packing | Universal,3,Awaiting explicit release approval
BAW-TIP-000003,Use the WillitFit audit tool to verify your bag against British Airways's specific cabin dimens,baw-tip-000003,Use the WillitFit audit tool to verify your bag against British Airways's specific cabin dimensions before packing. Even a half-inch difference can lead to a gate-check fee; pre-verifying your gear ensures you stay within British Airways's strict allowance.,Packing/Baggage,british airways travel tips,Check your bag size,Draft,British Airways,Before Packing,Universal,Luggage Scale,3,Approved,13_Content,BAW-TIP-000003,RTC-003,Eligible for Review,Before Packing | Universal,3,Awaiting explicit release approval
KLM-TIP-000007,"On KLM flights, maximizing your footwell space is crucial; if you've brought a 'personal item'",klm-tip-000007,"On KLM flights, maximizing your footwell space is crucial; if you've brought a 'personal item' that fits the WillitFit audit, stow it efficiently. Keeping the floor clear of bulky bags helps you reclaim your personal space during long-haul KLM journeys.",In-Flight Comfort,klm travel tips,Check your bag size,Draft,KLM,During Flight,Universal,Luggage Scale,3,Approved,13_Content,KLM-TIP-000007,RTC-003,Eligible for Review,During Flight | Universal,3,Awaiting explicit release approval
BAW-TIP-000004,"On British Airways flights, maximizing your footwell space is crucial; if you've brought a 'per",baw-tip-000004,"On British Airways flights, maximizing your footwell space is crucial; if you've brought a 'personal item' that fits the WillitFit audit, stow it efficiently. Keeping the floor clear of bulky bags helps you reclaim your personal space during long-haul British Airways journeys.",In-Flight Comfort,british airways travel tips,Check your bag size,Draft,British Airways,During Flight,Universal,Luggage Scale,3,Approved,13_Content,BAW-TIP-000004,RTC-003,Eligible for Review,During Flight | Universal,3,Awaiting explicit release approval
QA-TIP-000005,Combine your WillitFit baggage compliance check with a smart packing strategy for Qatar Airways,qa-tip-000005,Combine your WillitFit baggage compliance check with a smart packing strategy for Qatar Airways to avoid 'baggage anxiety'. Organizing your essentials into modular pouches that fit the WillitFit-approved dimensions makes transferring through Qatar Airways security much faster.,General Travel Hacks,qatar airways travel tips,Check your bag size,Draft,Qatar Airways,General Travel,Universal,Luggage Scale,3,Approved,13_Content,QA-TIP-000005,RTC-003,Eligible for Review,General Travel | Universal,3,Awaiting explicit release approval
RYR-TIP-000006,"On Ryanair flights, maximizing your footwell space is crucial; if you've brought a 'personal it",ryr-tip-000006,"On Ryanair flights, maximizing your footwell space is crucial; if you've brought a 'personal item' that fits the WillitFit audit, stow it efficiently. Keeping the floor clear of bulky bags helps you reclaim your personal space during long-haul Ryanair journeys.",In-Flight Comfort,ryanair travel tips,Check your bag size,Draft,Ryanair,During Flight,Universal,Luggage Scale,3,Approved,13_Content,RYR-TIP-000006,RTC-003,Eligible for Review,During Flight | Universal,3,Awaiting explicit release approval
KLM-TIP-000008,"When flying KLM, always check the airport's specific bag-drop-off cut-off times, which are ofte",klm-tip-000008,"When flying KLM, always check the airport's specific bag-drop-off cut-off times, which are often stricter than the flight boarding time. Use your WillitFit profile to keep a record of your bag's 'fit status' so you can breeze through self-service kiosks at KLM hubs.",Airport Experience,klm travel tips,Check your bag size,Draft,KLM,At the Airport,Universal,Luggage Scale,3,Approved,13_Content,KLM-TIP-000008,RTC-003,Eligible for Review,At the Airport | Universal,3,Awaiting explicit release approval
CP-TIP-000009,Use the WillitFit audit tool to verify your bag against Cathay Pacific's specific cabin dimensi,cp-tip-000009,Use the WillitFit audit tool to verify your bag against Cathay Pacific's specific cabin dimensions before packing. Even a half-inch difference can lead to a gate-check fee; pre-verifying your gear ensures you stay within Cathay Pacific's strict allowance.,Packing/Baggage,cathay pacific travel tips,Check your bag size,Draft,Cathay Pacific,Before Packing,Universal,Luggage Scale,3,Approved,13_Content,CP-TIP-000009,RTC-003,Eligible for Review,Before Packing | Universal,3,Awaiting explicit release approval
QA-TIP-000006,Combine your WillitFit baggage compliance check with a smart packing strategy for Qatar Airways,qa-tip-000006,Combine your WillitFit baggage compliance check with a smart packing strategy for Qatar Airways to avoid 'baggage anxiety'. Organizing your essentials into modular pouches that fit the WillitFit-approved dimensions makes transferring through Qatar Airways security much faster.,General Travel Hacks,qatar airways travel tips,Check your bag size,Draft,Qatar Airways,General Travel,Universal,Luggage Scale,3,Approved,13_Content,QA-TIP-000006,RTC-003,Eligible for Review,General Travel | Universal,3,Awaiting explicit release approval
KLM-TIP-000009,"On KLM flights, maximizing your footwell space is crucial; if you've brought a 'personal item'",klm-tip-000009,"On KLM flights, maximizing your footwell space is crucial; if you've brought a 'personal item' that fits the WillitFit audit, stow it efficiently. Keeping the floor clear of bulky bags helps you reclaim your personal space during long-haul KLM journeys.",In-Flight Comfort,klm travel tips,Check your bag size,Draft,KLM,During Flight,Universal,Luggage Scale,3,Approved,13_Content,KLM-TIP-000009,RTC-003,Eligible for Review,During Flight | Universal,3,Awaiting explicit release approval
RYR-TIP-000007,Combine your WillitFit baggage compliance check with a smart packing strategy for Ryanair to av,ryr-tip-000007,Combine your WillitFit baggage compliance check with a smart packing strategy for Ryanair to avoid 'baggage anxiety'. Organizing your essentials into modular pouches that fit the WillitFit-approved dimensions makes transferring through Ryanair security much faster.,General Travel Hacks,ryanair travel tips,Check your bag size,Draft,Ryanair,General Travel,Universal,Luggage Scale,3,Approved,13_Content,RYR-TIP-000007,RTC-003,Eligible for Review,General Travel | Universal,3,Awaiting explicit release approval
VA-TIP-000008,"When flying Virgin Atlantic, always check the airport's specific bag-drop-off cut-off times, wh",va-tip-000008,"When flying Virgin Atlantic, always check the airport's specific bag-drop-off cut-off times, which are often stricter than the flight boarding time. Use your WillitFit profile to keep a record of your bag's 'fit status' so you can breeze through self-service kiosks at Virgin Atlantic hubs.",Airport Experience,virgin atlantic travel tips,Check your bag size,Draft,Virgin Atlantic,At the Airport,Universal,Luggage Scale,3,Approved,13_Content,VA-TIP-000008,RTC-003,Eligible for Review,At the Airport | Universal,3,Awaiting explicit release approval
RYR-TIP-000008,Use the WillitFit audit tool to verify your bag against Ryanair's specific cabin dimensions bef,ryr-tip-000008,Use the WillitFit audit tool to verify your bag against Ryanair's specific cabin dimensions before packing. Even a half-inch difference can lead to a gate-check fee; pre-verifying your gear ensures you stay within Ryanair's strict allowance.,Packing/Baggage,ryanair travel tips,Check your bag size,Draft,Ryanair,Before Packing,Universal,Luggage Scale,3,Approved,13_Content,RYR-TIP-000008,RTC-003,Eligible for Review,Before Packing | Universal,3,Awaiting explicit release approval
AFR-TIP-000012,Combine your WillitFit baggage compliance check with a smart packing strategy for Air France to,afr-tip-000012,Combine your WillitFit baggage compliance check with a smart packing strategy for Air France to avoid 'baggage anxiety'. Organizing your essentials into modular pouches that fit the WillitFit-approved dimensions makes transferring through Air France security much faster.,General Travel Hacks,air france travel tips,Check your bag size,Draft,Air France,General Travel,Universal,Luggage Scale,3,Approved,13_Content,AFR-TIP-000012,RTC-003,Eligible for Review,General Travel | Universal,3,Awaiting explicit release approval
QA-TIP-000007,Use the WillitFit audit tool to verify your bag against Qatar Airways's specific cabin dimensio,qa-tip-000007,Use the WillitFit audit tool to verify your bag against Qatar Airways's specific cabin dimensions before packing. Even a half-inch difference can lead to a gate-check fee; pre-verifying your gear ensures you stay within Qatar Airways's strict allowance.,Packing/Baggage,qatar airways travel tips,Check your bag size,Draft,Qatar Airways,Before Packing,Universal,Luggage Scale,3,Approved,13_Content,QA-TIP-000007,RTC-003,Eligible for Review,Before Packing | Universal,3,Awaiting explicit release approval
AFR-TIP-000013,Combine your WillitFit baggage compliance check with a smart packing strategy for Air France to,afr-tip-000013,Combine your WillitFit baggage compliance check with a smart packing strategy for Air France to avoid 'baggage anxiety'. Organizing your essentials into modular pouches that fit the WillitFit-approved dimensions makes transferring through Air France security much faster.,General Travel Hacks,air france travel tips,Check your bag size,Draft,Air France,General Travel,Universal,Luggage Scale,3,Approved,13_Content,AFR-TIP-000013,RTC-003,Eligible for Review,General Travel | Universal,3,Awaiting explicit release approval
EZY-TIP-000013,Use the WillitFit audit tool to verify your bag against EasyJet's specific cabin dimensions bef,ezy-tip-000013,Use the WillitFit audit tool to verify your bag against EasyJet's specific cabin dimensions before packing. Even a half-inch difference can lead to a gate-check fee; pre-verifying your gear ensures you stay within EasyJet's strict allowance.,Packing/Baggage,easyjet travel tips,Check your bag size,Draft,EasyJet,Before Packing,Universal,Luggage Scale,3,Approved,13_Content,EZY-TIP-000013,RTC-003,Eligible for Review,Before Packing | Universal,3,Awaiting explicit release approval
RYR-TIP-000009,Combine your WillitFit baggage compliance check with a smart packing strategy for Ryanair to av,ryr-tip-000009,Combine your WillitFit baggage compliance check with a smart packing strategy for Ryanair to avoid 'baggage anxiety'. Organizing your essentials into modular pouches that fit the WillitFit-approved dimensions makes transferring through Ryanair security much faster.,General Travel Hacks,ryanair travel tips,Check your bag size,Draft,Ryanair,General Travel,Universal,Luggage Scale,3,Approved,13_Content,RYR-TIP-000009,RTC-003,Eligible for Review,General Travel | Universal,3,Awaiting explicit release approval
DEL-TIP-000011,Combine your WillitFit baggage compliance check with a smart packing strategy for Delta to avoi,del-tip-000011,Combine your WillitFit baggage compliance check with a smart packing strategy for Delta to avoid 'baggage anxiety'. Organizing your essentials into modular pouches that fit the WillitFit-approved dimensions makes transferring through Delta security much faster.,General Travel Hacks,delta travel tips,Check your bag size,Draft,Delta,General Travel,Universal,Luggage Scale,3,Approved,13_Content,DEL-TIP-000011,RTC-003,Eligible for Review,General Travel | Universal,3,Awaiting explicit release approval
AME-TIP-000011,Use the WillitFit audit tool to verify your bag against American's specific cabin dimensions be,ame-tip-000011,Use the WillitFit audit tool to verify your bag against American's specific cabin dimensions before packing. Even a half-inch difference can lead to a gate-check fee; pre-verifying your gear ensures you stay within American's strict allowance.,Packing/Baggage,american travel tips,Check your bag size,Draft,American,Before Packing,Universal,Luggage Scale,3,Approved,13_Content,AME-TIP-000011,RTC-003,Eligible for Review,Before Packing | Universal,3,Awaiting explicit release approval
DEL-TIP-000012,Combine your WillitFit baggage compliance check with a smart packing strategy for Delta to avoi,del-tip-000012,Combine your WillitFit baggage compliance check with a smart packing strategy for Delta to avoid 'baggage anxiety'. Organizing your essentials into modular pouches that fit the WillitFit-approved dimensions makes transferring through Delta security much faster.,General Travel Hacks,delta travel tips,Check your bag size,Draft,Delta,General Travel,Universal,Luggage Scale,3,Approved,13_Content,DEL-TIP-000012,RTC-003,Eligible for Review,General Travel | Universal,3,Awaiting explicit release approval
VA-TIP-000009,"When flying Virgin Atlantic, always check the airport's specific bag-drop-off cut-off times, wh",va-tip-000009,"When flying Virgin Atlantic, always check the airport's specific bag-drop-off cut-off times, which are often stricter than the flight boarding time. Use your WillitFit profile to keep a record of your bag's 'fit status' so you can breeze through self-service kiosks at Virgin Atlantic hubs.",Airport Experience,virgin atlantic travel tips,Check your bag size,Draft,Virgin Atlantic,At the Airport,Universal,Luggage Scale,3,Approved,13_Content,VA-TIP-000009,RTC-003,Eligible for Review,At the Airport | Universal,3,Awaiting explicit release approval
JET2-TIP-000007,Combine your WillitFit baggage compliance check with a smart packing strategy for Jet2 to avoid,jet2-tip-000007,Combine your WillitFit baggage compliance check with a smart packing strategy for Jet2 to avoid 'baggage anxiety'. Organizing your essentials into modular pouches that fit the WillitFit-approved dimensions makes transferring through Jet2 security much faster.,General Travel Hacks,jet2 travel tips,Check your bag size,Draft,Jet2,General Travel,Universal,Luggage Scale,3,Approved,13_Content,JET2-TIP-000007,RTC-003,Eligible for Review,General Travel | Universal,3,Awaiting explicit release approval
QA-TIP-000008,Combine your WillitFit baggage compliance check with a smart packing strategy for Qatar Airways,qa-tip-000008,Combine your WillitFit baggage compliance check with a smart packing strategy for Qatar Airways to avoid 'baggage anxiety'. Organizing your essentials into modular pouches that fit the WillitFit-approved dimensions makes transferring through Qatar Airways security much faster.,General Travel Hacks,qatar airways travel tips,Check your bag size,Draft,Qatar Airways,General Travel,Universal,Luggage Scale,3,Approved,13_Content,QA-TIP-000008,RTC-003,Eligible for Review,General Travel | Universal,3,Awaiting explicit release approval
AFR-TIP-000014,"On Air France flights, maximizing your footwell space is crucial; if you've brought a 'personal",afr-tip-000014,"On Air France flights, maximizing your footwell space is crucial; if you've brought a 'personal item' that fits the WillitFit audit, stow it efficiently. Keeping the floor clear of bulky bags helps you reclaim your personal space during long-haul Air France journeys.",In-Flight Comfort,air france travel tips,Check your bag size,Draft,Air France,During Flight,Universal,Luggage Scale,3,Approved,13_Content,AFR-TIP-000014,RTC-003,Eligible for Review,During Flight | Universal,3,Awaiting explicit release approval
EZY-TIP-000014,Combine your WillitFit baggage compliance check with a smart packing strategy for EasyJet to av,ezy-tip-000014,Combine your WillitFit baggage compliance check with a smart packing strategy for EasyJet to avoid 'baggage anxiety'. Organizing your essentials into modular pouches that fit the WillitFit-approved dimensions makes transferring through EasyJet security much faster.,General Travel Hacks,easyjet travel tips,Check your bag size,Draft,EasyJet,General Travel,Universal,Luggage Scale,3,Approved,13_Content,EZY-TIP-000014,RTC-003,Eligible for Review,General Travel | Universal,3,Awaiting explicit release approval
DLH-TIP-000006,"When flying Lufthansa, always check the airport's specific bag-drop-off cut-off times, which ar",dlh-tip-000006,"When flying Lufthansa, always check the airport's specific bag-drop-off cut-off times, which are often stricter than the flight boarding time. Use your WillitFit profile to keep a record of your bag's 'fit status' so you can breeze through self-service kiosks at Lufthansa hubs.",Airport Experience,lufthansa travel tips,Check your bag size,Draft,Lufthansa,At the Airport,Universal,Luggage Scale,3,Approved,13_Content,DLH-TIP-000006,RTC-003,Eligible for Review,At the Airport | Universal,3,Awaiting explicit release approval
DEL-TIP-000013,"On Delta flights, maximizing your footwell space is crucial; if you've brought a 'personal item",del-tip-000013,"On Delta flights, maximizing your footwell space is crucial; if you've brought a 'personal item' that fits the WillitFit audit, stow it efficiently. Keeping the floor clear of bulky bags helps you reclaim your personal space during long-haul Delta journeys.",In-Flight Comfort,delta travel tips,Check your bag size,Draft,Delta,During Flight,Universal,Luggage Scale,3,Approved,13_Content,DEL-TIP-000013,RTC-003,Eligible for Review,During Flight | Universal,3,Awaiting explicit release approval
UNI-TIP-000009,Use the WillitFit audit tool to verify your bag against United's specific cabin dimensions befo,uni-tip-000009,Use the WillitFit audit tool to verify your bag against United's specific cabin dimensions before packing. Even a half-inch difference can lead to a gate-check fee; pre-verifying your gear ensures you stay within United's strict allowance.,Packing/Baggage,united travel tips,Check your bag size,Draft,United,Before Packing,Universal,Luggage Scale,3,Approved,13_Content,UNI-TIP-000009,RTC-003,Eligible for Review,Before Packing | Universal,3,Awaiting explicit release approval
VA-TIP-000010,Use the WillitFit audit tool to verify your bag against Virgin Atlantic's specific cabin dimens,va-tip-000010,Use the WillitFit audit tool to verify your bag against Virgin Atlantic's specific cabin dimensions before packing. Even a half-inch difference can lead to a gate-check fee; pre-verifying your gear ensures you stay within Virgin Atlantic's strict allowance.,Packing/Baggage,virgin atlantic travel tips,Check your bag size,Draft,Virgin Atlantic,Before Packing,Universal,Luggage Scale,3,Approved,13_Content,VA-TIP-000010,RTC-003,Eligible for Review,Before Packing | Universal,3,Awaiting explicit release approval
JET2-TIP-000008,Combine your WillitFit baggage compliance check with a smart packing strategy for Jet2 to avoid,jet2-tip-000008,Combine your WillitFit baggage compliance check with a smart packing strategy for Jet2 to avoid 'baggage anxiety'. Organizing your essentials into modular pouches that fit the WillitFit-approved dimensions makes transferring through Jet2 security much faster.,General Travel Hacks,jet2 travel tips,Check your bag size,Draft,Jet2,General Travel,Universal,Luggage Scale,3,Approved,13_Content,JET2-TIP-000008,RTC-003,Eligible for Review,General Travel | Universal,3,Awaiting explicit release approval
EMI-TIP-000006,Use the WillitFit audit tool to verify your bag against Emirates's specific cabin dimensions be,emi-tip-000006,Use the WillitFit audit tool to verify your bag against Emirates's specific cabin dimensions before packing. Even a half-inch difference can lead to a gate-check fee; pre-verifying your gear ensures you stay within Emirates's strict allowance.,Packing/Baggage,emirates travel tips,Check your bag size,Draft,Emirates,Before Packing,Universal,Luggage Scale,3,Approved,13_Content,EMI-TIP-000006,RTC-003,Eligible for Review,Before Packing | Universal,3,Awaiting explicit release approval
KLM-TIP-000010,"When flying KLM, always check the airport's specific bag-drop-off cut-off times, which are ofte",klm-tip-000010,"When flying KLM, always check the airport's specific bag-drop-off cut-off times, which are often stricter than the flight boarding time. Use your WillitFit profile to keep a record of your bag's 'fit status' so you can breeze through self-service kiosks at KLM hubs.",Airport Experience,klm travel tips,Check your bag size,Draft,KLM,At the Airport,Universal,Luggage Scale,3,Approved,13_Content,KLM-TIP-000010,RTC-003,Eligible for Review,At the Airport | Universal,3,Awaiting explicit release approval
DLH-TIP-000007,"On Lufthansa flights, maximizing your footwell space is crucial; if you've brought a 'personal",dlh-tip-000007,"On Lufthansa flights, maximizing your footwell space is crucial; if you've brought a 'personal item' that fits the WillitFit audit, stow it efficiently. Keeping the floor clear of bulky bags helps you reclaim your personal space during long-haul Lufthansa journeys.",In-Flight Comfort,lufthansa travel tips,Check your bag size,Draft,Lufthansa,During Flight,Universal,Luggage Scale,3,Approved,13_Content,DLH-TIP-000007,RTC-003,Eligible for Review,During Flight | Universal,3,Awaiting explicit release approval
BAW-TIP-000005,Combine your WillitFit baggage compliance check with a smart packing strategy for British Airwa,baw-tip-000005,Combine your WillitFit baggage compliance check with a smart packing strategy for British Airways to avoid 'baggage anxiety'. Organizing your essentials into modular pouches that fit the WillitFit-approved dimensions makes transferring through British Airways security much faster.,General Travel Hacks,british airways travel tips,Check your bag size,Draft,British Airways,General Travel,Universal,Luggage Scale,3,Approved,13_Content,BAW-TIP-000005,RTC-003,Eligible for Review,General Travel | Universal,3,Awaiting explicit release approval
RYR-TIP-000010,"When flying Ryanair, always check the airport's specific bag-drop-off cut-off times, which are",ryr-tip-000010,"When flying Ryanair, always check the airport's specific bag-drop-off cut-off times, which are often stricter than the flight boarding time. Use your WillitFit profile to keep a record of your bag's 'fit status' so you can breeze through self-service kiosks at Ryanair hubs.",Airport Experience,ryanair travel tips,Check your bag size,Draft,Ryanair,At the Airport,Universal,Luggage Scale,3,Approved,13_Content,RYR-TIP-000010,RTC-003,Eligible for Review,At the Airport | Universal,3,Awaiting explicit release approval
RYR-TIP-000011,Use the WillitFit audit tool to verify your bag against Ryanair's specific cabin dimensions bef,ryr-tip-000011,Use the WillitFit audit tool to verify your bag against Ryanair's specific cabin dimensions before packing. Even a half-inch difference can lead to a gate-check fee; pre-verifying your gear ensures you stay within Ryanair's strict allowance.,Packing/Baggage,ryanair travel tips,Check your bag size,Draft,Ryanair,Before Packing,Universal,Luggage Scale,3,Approved,13_Content,RYR-TIP-000011,RTC-003,Eligible for Review,Before Packing | Universal,3,Awaiting explicit release approval
BAW-TIP-000006,Use the WillitFit audit tool to verify your bag against British Airways's specific cabin dimens,baw-tip-000006,Use the WillitFit audit tool to verify your bag against British Airways's specific cabin dimensions before packing. Even a half-inch difference can lead to a gate-check fee; pre-verifying your gear ensures you stay within British Airways's strict allowance.,Packing/Baggage,british airways travel tips,Check your bag size,Draft,British Airways,Before Packing,Universal,Luggage Scale,3,Approved,13_Content,BAW-TIP-000006,RTC-003,Eligible for Review,Before Packing | Universal,3,Awaiting explicit release approval
DLH-TIP-000008,"On Lufthansa flights, maximizing your footwell space is crucial; if you've brought a 'personal",dlh-tip-000008,"On Lufthansa flights, maximizing your footwell space is crucial; if you've brought a 'personal item' that fits the WillitFit audit, stow it efficiently. Keeping the floor clear of bulky bags helps you reclaim your personal space during long-haul Lufthansa journeys.",In-Flight Comfort,lufthansa travel tips,Check your bag size,Draft,Lufthansa,During Flight,Universal,Luggage Scale,3,Approved,13_Content,DLH-TIP-000008,RTC-003,Eligible for Review,During Flight | Universal,3,Awaiting explicit release approval
AME-TIP-000012,Combine your WillitFit baggage compliance check with a smart packing strategy for American to a,ame-tip-000012,Combine your WillitFit baggage compliance check with a smart packing strategy for American to avoid 'baggage anxiety'. Organizing your essentials into modular pouches that fit the WillitFit-approved dimensions makes transferring through American security much faster.,General Travel Hacks,american travel tips,Check your bag size,Draft,American,General Travel,Universal,Luggage Scale,3,Approved,13_Content,AME-TIP-000012,RTC-003,Eligible for Review,General Travel | Universal,3,Awaiting explicit release approval
VA-TIP-000011,Use the WillitFit audit tool to verify your bag against Virgin Atlantic's specific cabin dimens,va-tip-000011,Use the WillitFit audit tool to verify your bag against Virgin Atlantic's specific cabin dimensions before packing. Even a half-inch difference can lead to a gate-check fee; pre-verifying your gear ensures you stay within Virgin Atlantic's strict allowance.,Packing/Baggage,virgin atlantic travel tips,Check your bag size,Draft,Virgin Atlantic,Before Packing,Universal,Luggage Scale,3,Approved,13_Content,VA-TIP-000011,RTC-003,Eligible for Review,Before Packing | Universal,3,Awaiting explicit release approval
JET2-TIP-000009,"When flying Jet2, always check the airport's specific bag-drop-off cut-off times, which are oft",jet2-tip-000009,"When flying Jet2, always check the airport's specific bag-drop-off cut-off times, which are often stricter than the flight boarding time. Use your WillitFit profile to keep a record of your bag's 'fit status' so you can breeze through self-service kiosks at Jet2 hubs.",Airport Experience,jet2 travel tips,Check your bag size,Draft,Jet2,At the Airport,Universal,Luggage Scale,3,Approved,13_Content,JET2-TIP-000009,RTC-003,Eligible for Review,At the Airport | Universal,3,Awaiting explicit release approval
JET2-TIP-000010,Combine your WillitFit baggage compliance check with a smart packing strategy for Jet2 to avoid,jet2-tip-000010,Combine your WillitFit baggage compliance check with a smart packing strategy for Jet2 to avoid 'baggage anxiety'. Organizing your essentials into modular pouches that fit the WillitFit-approved dimensions makes transferring through Jet2 security much faster.,General Travel Hacks,jet2 travel tips,Check your bag size,Draft,Jet2,General Travel,Universal,Luggage Scale,3,Approved,13_Content,JET2-TIP-000010,RTC-003,Eligible for Review,General Travel | Universal,3,Awaiting explicit release approval
BAW-TIP-000007,"When flying British Airways, always check the airport's specific bag-drop-off cut-off times, wh",baw-tip-000007,"When flying British Airways, always check the airport's specific bag-drop-off cut-off times, which are often stricter than the flight boarding time. Use your WillitFit profile to keep a record of your bag's 'fit status' so you can breeze through self-service kiosks at British Airways hubs.",Airport Experience,british airways travel tips,Check your bag size,Draft,British Airways,At the Airport,Universal,Luggage Scale,3,Approved,13_Content,BAW-TIP-000007,RTC-003,Eligible for Review,At the Airport | Universal,3,Awaiting explicit release approval
CP-TIP-000010,"When flying Cathay Pacific, always check the airport's specific bag-drop-off cut-off times, whi",cp-tip-000010,"When flying Cathay Pacific, always check the airport's specific bag-drop-off cut-off times, which are often stricter than the flight boarding time. Use your WillitFit profile to keep a record of your bag's 'fit status' so you can breeze through self-service kiosks at Cathay Pacific hubs.",Airport Experience,cathay pacific travel tips,Check your bag size,Draft,Cathay Pacific,At the Airport,Universal,Luggage Scale,3,Approved,13_Content,CP-TIP-000010,RTC-003,Eligible for Review,At the Airport | Universal,3,Awaiting explicit release approval
QA-TIP-000009,"On Qatar Airways flights, maximizing your footwell space is crucial; if you've brought a 'perso",qa-tip-000009,"On Qatar Airways flights, maximizing your footwell space is crucial; if you've brought a 'personal item' that fits the WillitFit audit, stow it efficiently. Keeping the floor clear of bulky bags helps you reclaim your personal space during long-haul Qatar Airways journeys.",In-Flight Comfort,qatar airways travel tips,Check your bag size,Draft,Qatar Airways,During Flight,Universal,Luggage Scale,3,Approved,13_Content,QA-TIP-000009,RTC-003,Eligible for Review,During Flight | Universal,3,Awaiting explicit release approval
BAW-TIP-000008,"When flying British Airways, always check the airport's specific bag-drop-off cut-off times, wh",baw-tip-000008,"When flying British Airways, always check the airport's specific bag-drop-off cut-off times, which are often stricter than the flight boarding time. Use your WillitFit profile to keep a record of your bag's 'fit status' so you can breeze through self-service kiosks at British Airways hubs.",Airport Experience,british airways travel tips,Check your bag size,Draft,British Airways,At the Airport,Universal,Luggage Scale,3,Approved,13_Content,BAW-TIP-000008,RTC-003,Eligible for Review,At the Airport | Universal,3,Awaiting explicit release approval
RYR-TIP-000012,Use the WillitFit audit tool to verify your bag against Ryanair's specific cabin dimensions bef,ryr-tip-000012,Use the WillitFit audit tool to verify your bag against Ryanair's specific cabin dimensions before packing. Even a half-inch difference can lead to a gate-check fee; pre-verifying your gear ensures you stay within Ryanair's strict allowance.,Packing/Baggage,ryanair travel tips,Check your bag size,Draft,Ryanair,Before Packing,Universal,Luggage Scale,3,Approved,13_Content,RYR-TIP-000012,RTC-003,Eligible for Review,Before Packing | Universal,3,Awaiting explicit release approval
KLM-TIP-000011,Combine your WillitFit baggage compliance check with a smart packing strategy for KLM to avoid,klm-tip-000011,Combine your WillitFit baggage compliance check with a smart packing strategy for KLM to avoid 'baggage anxiety'. Organizing your essentials into modular pouches that fit the WillitFit-approved dimensions makes transferring through KLM security much faster.,General Travel Hacks,klm travel tips,Check your bag size,Draft,KLM,General Travel,Universal,Luggage Scale,3,Approved,13_Content,KLM-TIP-000011,RTC-003,Eligible for Review,General Travel | Universal,3,Awaiting explicit release approval
EZY-TIP-000015,"On EasyJet flights, maximizing your footwell space is crucial; if you've brought a 'personal it",ezy-tip-000015,"On EasyJet flights, maximizing your footwell space is crucial; if you've brought a 'personal item' that fits the WillitFit audit, stow it efficiently. Keeping the floor clear of bulky bags helps you reclaim your personal space during long-haul EasyJet journeys.",In-Flight Comfort,easyjet travel tips,Check your bag size,Draft,EasyJet,During Flight,Universal,Luggage Scale,3,Approved,13_Content,EZY-TIP-000015,RTC-003,Eligible for Review,During Flight | Universal,3,Awaiting explicit release approval
KLM-TIP-000012,Combine your WillitFit baggage compliance check with a smart packing strategy for KLM to avoid,klm-tip-000012,Combine your WillitFit baggage compliance check with a smart packing strategy for KLM to avoid 'baggage anxiety'. Organizing your essentials into modular pouches that fit the WillitFit-approved dimensions makes transferring through KLM security much faster.,General Travel Hacks,klm travel tips,Check your bag size,Draft,KLM,General Travel,Universal,Luggage Scale,3,Approved,13_Content,KLM-TIP-000012,RTC-003,Eligible for Review,General Travel | Universal,3,Awaiting explicit release approval
KLM-TIP-000013,"When flying KLM, always check the airport's specific bag-drop-off cut-off times, which are ofte",klm-tip-000013,"When flying KLM, always check the airport's specific bag-drop-off cut-off times, which are often stricter than the flight boarding time. Use your WillitFit profile to keep a record of your bag's 'fit status' so you can breeze through self-service kiosks at KLM hubs.",Airport Experience,klm travel tips,Check your bag size,Draft,KLM,At the Airport,Universal,Luggage Scale,3,Approved,13_Content,KLM-TIP-000013,RTC-003,Eligible for Review,At the Airport | Universal,3,Awaiting explicit release approval
AME-TIP-000013,"On American flights, maximizing your footwell space is crucial; if you've brought a 'personal i",ame-tip-000013,"On American flights, maximizing your footwell space is crucial; if you've brought a 'personal item' that fits the WillitFit audit, stow it efficiently. Keeping the floor clear of bulky bags helps you reclaim your personal space during long-haul American journeys.",In-Flight Comfort,american travel tips,Check your bag size,Draft,American,During Flight,Universal,Luggage Scale,3,Approved,13_Content,AME-TIP-000013,RTC-003,Eligible for Review,During Flight | Universal,3,Awaiting explicit release approval
JET2-TIP-000011,"On Jet2 flights, maximizing your footwell space is crucial; if you've brought a 'personal item'",jet2-tip-000011,"On Jet2 flights, maximizing your footwell space is crucial; if you've brought a 'personal item' that fits the WillitFit audit, stow it efficiently. Keeping the floor clear of bulky bags helps you reclaim your personal space during long-haul Jet2 journeys.",In-Flight Comfort,jet2 travel tips,Check your bag size,Draft,Jet2,During Flight,Universal,Luggage Scale,3,Approved,13_Content,JET2-TIP-000011,RTC-003,Eligible for Review,During Flight | Universal,3,Awaiting explicit release approval
DLH-TIP-000009,Use the WillitFit audit tool to verify your bag against Lufthansa's specific cabin dimensions b,dlh-tip-000009,Use the WillitFit audit tool to verify your bag against Lufthansa's specific cabin dimensions before packing. Even a half-inch difference can lead to a gate-check fee; pre-verifying your gear ensures you stay within Lufthansa's strict allowance.,Packing/Baggage,lufthansa travel tips,Check your bag size,Draft,Lufthansa,Before Packing,Universal,Luggage Scale,3,Approved,13_Content,DLH-TIP-000009,RTC-003,Eligible for Review,Before Packing | Universal,3,Awaiting explicit release approval
AME-TIP-000014,"On American flights, maximizing your footwell space is crucial; if you've brought a 'personal i",ame-tip-000014,"On American flights, maximizing your footwell space is crucial; if you've brought a 'personal item' that fits the WillitFit audit, stow it efficiently. Keeping the floor clear of bulky bags helps you reclaim your personal space during long-haul American journeys.",In-Flight Comfort,american travel tips,Check your bag size,Draft,American,During Flight,Universal,Luggage Scale,3,Approved,13_Content,AME-TIP-000014,RTC-003,Eligible for Review,During Flight | Universal,3,Awaiting explicit release approval
KLM-TIP-000014,Use the WillitFit audit tool to verify your bag against KLM's specific cabin dimensions before,klm-tip-000014,Use the WillitFit audit tool to verify your bag against KLM's specific cabin dimensions before packing. Even a half-inch difference can lead to a gate-check fee; pre-verifying your gear ensures you stay within KLM's strict allowance.,Packing/Baggage,klm travel tips,Check your bag size,Draft,KLM,Before Packing,Universal,Luggage Scale,3,Approved,13_Content,KLM-TIP-000014,RTC-003,Eligible for Review,Before Packing | Universal,3,Awaiting explicit release approval
QA-TIP-000010,Combine your WillitFit baggage compliance check with a smart packing strategy for Qatar Airways,qa-tip-000010,Combine your WillitFit baggage compliance check with a smart packing strategy for Qatar Airways to avoid 'baggage anxiety'. Organizing your essentials into modular pouches that fit the WillitFit-approved dimensions makes transferring through Qatar Airways security much faster.,General Travel Hacks,qatar airways travel tips,Check your bag size,Draft,Qatar Airways,General Travel,Universal,Luggage Scale,3,Approved,13_Content,QA-TIP-000010,RTC-003,Eligible for Review,General Travel | Universal,3,Awaiting explicit release approval
SA-TIP-000008,Combine your WillitFit baggage compliance check with a smart packing strategy for Singapore Air,sa-tip-000008,Combine your WillitFit baggage compliance check with a smart packing strategy for Singapore Airlines to avoid 'baggage anxiety'. Organizing your essentials into modular pouches that fit the WillitFit-approved dimensions makes transferring through Singapore Airlines security much faster.,General Travel Hacks,singapore airlines travel tips,Check your bag size,Draft,Singapore Airlines,General Travel,Universal,Luggage Scale,3,Approved,13_Content,SA-TIP-000008,RTC-003,Eligible for Review,General Travel | Universal,3,Awaiting explicit release approval
CP-TIP-000011,Combine your WillitFit baggage compliance check with a smart packing strategy for Cathay Pacifi,cp-tip-000011,Combine your WillitFit baggage compliance check with a smart packing strategy for Cathay Pacific to avoid 'baggage anxiety'. Organizing your essentials into modular pouches that fit the WillitFit-approved dimensions makes transferring through Cathay Pacific security much faster.,General Travel Hacks,cathay pacific travel tips,Check your bag size,Draft,Cathay Pacific,General Travel,Universal,Luggage Scale,3,Approved,13_Content,CP-TIP-000011,RTC-003,Eligible for Review,General Travel | Universal,3,Awaiting explicit release approval
EMI-TIP-000007,Use the WillitFit audit tool to verify your bag against Emirates's specific cabin dimensions be,emi-tip-000007,Use the WillitFit audit tool to verify your bag against Emirates's specific cabin dimensions before packing. Even a half-inch difference can lead to a gate-check fee; pre-verifying your gear ensures you stay within Emirates's strict allowance.,Packing/Baggage,emirates travel tips,Check your bag size,Draft,Emirates,Before Packing,Universal,Luggage Scale,3,Approved,13_Content,EMI-TIP-000007,RTC-003,Eligible for Review,Before Packing | Universal,3,Awaiting explicit release approval
VA-TIP-000012,Combine your WillitFit baggage compliance check with a smart packing strategy for Virgin Atlant,va-tip-000012,Combine your WillitFit baggage compliance check with a smart packing strategy for Virgin Atlantic to avoid 'baggage anxiety'. Organizing your essentials into modular pouches that fit the WillitFit-approved dimensions makes transferring through Virgin Atlantic security much faster.,General Travel Hacks,virgin atlantic travel tips,Check your bag size,Draft,Virgin Atlantic,General Travel,Universal,Luggage Scale,3,Approved,13_Content,VA-TIP-000012,RTC-003,Eligible for Review,General Travel | Universal,3,Awaiting explicit release approval
KLM-TIP-000015,"When flying KLM, always check the airport's specific bag-drop-off cut-off times, which are ofte",klm-tip-000015,"When flying KLM, always check the airport's specific bag-drop-off cut-off times, which are often stricter than the flight boarding time. Use your WillitFit profile to keep a record of your bag's 'fit status' so you can breeze through self-service kiosks at KLM hubs.",Airport Experience,klm travel tips,Check your bag size,Draft,KLM,At the Airport,Universal,Luggage Scale,3,Approved,13_Content,KLM-TIP-000015,RTC-003,Eligible for Review,At the Airport | Universal,3,Awaiting explicit release approval
SA-TIP-000009,Combine your WillitFit baggage compliance check with a smart packing strategy for Singapore Air,sa-tip-000009,Combine your WillitFit baggage compliance check with a smart packing strategy for Singapore Airlines to avoid 'baggage anxiety'. Organizing your essentials into modular pouches that fit the WillitFit-approved dimensions makes transferring through Singapore Airlines security much faster.,General Travel Hacks,singapore airlines travel tips,Check your bag size,Draft,Singapore Airlines,General Travel,Universal,Luggage Scale,3,Approved,13_Content,SA-TIP-000009,RTC-003,Eligible for Review,General Travel | Universal,3,Awaiting explicit release approval
CP-TIP-000012,"When flying Cathay Pacific, always check the airport's specific bag-drop-off cut-off times, whi",cp-tip-000012,"When flying Cathay Pacific, always check the airport's specific bag-drop-off cut-off times, which are often stricter than the flight boarding time. Use your WillitFit profile to keep a record of your bag's 'fit status' so you can breeze through self-service kiosks at Cathay Pacific hubs.",Airport Experience,cathay pacific travel tips,Check your bag size,Draft,Cathay Pacific,At the Airport,Universal,Luggage Scale,3,Approved,13_Content,CP-TIP-000012,RTC-003,Eligible for Review,At the Airport | Universal,3,Awaiting explicit release approval
UNI-TIP-000010,Use the WillitFit audit tool to verify your bag against United's specific cabin dimensions befo,uni-tip-000010,Use the WillitFit audit tool to verify your bag against United's specific cabin dimensions before packing. Even a half-inch difference can lead to a gate-check fee; pre-verifying your gear ensures you stay within United's strict allowance.,Packing/Baggage,united travel tips,Check your bag size,Draft,United,Before Packing,Universal,Luggage Scale,3,Approved,13_Content,UNI-TIP-000010,RTC-003,Eligible for Review,Before Packing | Universal,3,Awaiting explicit release approval
RYR-TIP-000013,"On Ryanair flights, maximizing your footwell space is crucial; if you've brought a 'personal it",ryr-tip-000013,"On Ryanair flights, maximizing your footwell space is crucial; if you've brought a 'personal item' that fits the WillitFit audit, stow it efficiently. Keeping the floor clear of bulky bags helps you reclaim your personal space during long-haul Ryanair journeys.",In-Flight Comfort,ryanair travel tips,Check your bag size,Draft,Ryanair,During Flight,Universal,Luggage Scale,3,Approved,13_Content,RYR-TIP-000013,RTC-003,Eligible for Review,During Flight | Universal,3,Awaiting explicit release approval
SA-TIP-000010,Combine your WillitFit baggage compliance check with a smart packing strategy for Singapore Air,sa-tip-000010,Combine your WillitFit baggage compliance check with a smart packing strategy for Singapore Airlines to avoid 'baggage anxiety'. Organizing your essentials into modular pouches that fit the WillitFit-approved dimensions makes transferring through Singapore Airlines security much faster.,General Travel Hacks,singapore airlines travel tips,Check your bag size,Draft,Singapore Airlines,General Travel,Universal,Luggage Scale,3,Approved,13_Content,SA-TIP-000010,RTC-003,Eligible for Review,General Travel | Universal,3,Awaiting explicit release approval
KLM-TIP-000016,Combine your WillitFit baggage compliance check with a smart packing strategy for KLM to avoid,klm-tip-000016,Combine your WillitFit baggage compliance check with a smart packing strategy for KLM to avoid 'baggage anxiety'. Organizing your essentials into modular pouches that fit the WillitFit-approved dimensions makes transferring through KLM security much faster.,General Travel Hacks,klm travel tips,Check your bag size,Draft,KLM,General Travel,Universal,Luggage Scale,3,Approved,13_Content,KLM-TIP-000016,RTC-003,Eligible for Review,General Travel | Universal,3,Awaiting explicit release approval
EZY-TIP-000016,"When flying EasyJet, always check the airport's specific bag-drop-off cut-off times, which are",ezy-tip-000016,"When flying EasyJet, always check the airport's specific bag-drop-off cut-off times, which are often stricter than the flight boarding time. Use your WillitFit profile to keep a record of your bag's 'fit status' so you can breeze through self-service kiosks at EasyJet hubs.",Airport Experience,easyjet travel tips,Check your bag size,Draft,EasyJet,At the Airport,Universal,Luggage Scale,3,Approved,13_Content,EZY-TIP-000016,RTC-003,Eligible for Review,At the Airport | Universal,3,Awaiting explicit release approval
RYR-TIP-000014,Combine your WillitFit baggage compliance check with a smart packing strategy for Ryanair to av,ryr-tip-000014,Combine your WillitFit baggage compliance check with a smart packing strategy for Ryanair to avoid 'baggage anxiety'. Organizing your essentials into modular pouches that fit the WillitFit-approved dimensions makes transferring through Ryanair security much faster.,General Travel Hacks,ryanair travel tips,Check your bag size,Draft,Ryanair,General Travel,Universal,Luggage Scale,3,Approved,13_Content,RYR-TIP-000014,RTC-003,Eligible for Review,General Travel | Universal,3,Awaiting explicit release approval
SA-TIP-000011,Combine your WillitFit baggage compliance check with a smart packing strategy for Singapore Air,sa-tip-000011,Combine your WillitFit baggage compliance check with a smart packing strategy for Singapore Airlines to avoid 'baggage anxiety'. Organizing your essentials into modular pouches that fit the WillitFit-approved dimensions makes transferring through Singapore Airlines security much faster.,General Travel Hacks,singapore airlines travel tips,Check your bag size,Draft,Singapore Airlines,General Travel,Universal,Luggage Scale,3,Approved,13_Content,SA-TIP-000011,RTC-003,Eligible for Review,General Travel | Universal,3,Awaiting explicit release approval
RYR-TIP-000015,Use the WillitFit audit tool to verify your bag against Ryanair's specific cabin dimensions bef,ryr-tip-000015,Use the WillitFit audit tool to verify your bag against Ryanair's specific cabin dimensions before packing. Even a half-inch difference can lead to a gate-check fee; pre-verifying your gear ensures you stay within Ryanair's strict allowance.,Packing/Baggage,ryanair travel tips,Check your bag size,Draft,Ryanair,Before Packing,Universal,Luggage Scale,3,Approved,13_Content,RYR-TIP-000015,RTC-003,Eligible for Review,Before Packing | Universal,3,Awaiting explicit release approval
DEL-TIP-000014,Combine your WillitFit baggage compliance check with a smart packing strategy for Delta to avoi,del-tip-000014,Combine your WillitFit baggage compliance check with a smart packing strategy for Delta to avoid 'baggage anxiety'. Organizing your essentials into modular pouches that fit the WillitFit-approved dimensions makes transferring through Delta security much faster.,General Travel Hacks,delta travel tips,Check your bag size,Draft,Delta,General Travel,Universal,Luggage Scale,3,Approved,13_Content,DEL-TIP-000014,RTC-003,Eligible for Review,General Travel | Universal,3,Awaiting explicit release approval
UNI-TIP-000011,Use the WillitFit audit tool to verify your bag against United's specific cabin dimensions befo,uni-tip-000011,Use the WillitFit audit tool to verify your bag against United's specific cabin dimensions before packing. Even a half-inch difference can lead to a gate-check fee; pre-verifying your gear ensures you stay within United's strict allowance.,Packing/Baggage,united travel tips,Check your bag size,Draft,United,Before Packing,Universal,Luggage Scale,3,Approved,13_Content,UNI-TIP-000011,RTC-003,Eligible for Review,Before Packing | Universal,3,Awaiting explicit release approval
EZY-TIP-000017,Combine your WillitFit baggage compliance check with a smart packing strategy for EasyJet to av,ezy-tip-000017,Combine your WillitFit baggage compliance check with a smart packing strategy for EasyJet to avoid 'baggage anxiety'. Organizing your essentials into modular pouches that fit the WillitFit-approved dimensions makes transferring through EasyJet security much faster.,General Travel Hacks,easyjet travel tips,Check your bag size,Draft,EasyJet,General Travel,Universal,Luggage Scale,3,Approved,13_Content,EZY-TIP-000017,RTC-003,Eligible for Review,General Travel | Universal,3,Awaiting explicit release approval
VA-TIP-000013,"When flying Virgin Atlantic, always check the airport's specific bag-drop-off cut-off times, wh",va-tip-000013,"When flying Virgin Atlantic, always check the airport's specific bag-drop-off cut-off times, which are often stricter than the flight boarding time. Use your WillitFit profile to keep a record of your bag's 'fit status' so you can breeze through self-service kiosks at Virgin Atlantic hubs.",Airport Experience,virgin atlantic travel tips,Check your bag size,Draft,Virgin Atlantic,At the Airport,Universal,Luggage Scale,3,Approved,13_Content,VA-TIP-000013,RTC-003,Eligible for Review,At the Airport | Universal,3,Awaiting explicit release approval
QA-TIP-000011,"On Qatar Airways flights, maximizing your footwell space is crucial; if you've brought a 'perso",qa-tip-000011,"On Qatar Airways flights, maximizing your footwell space is crucial; if you've brought a 'personal item' that fits the WillitFit audit, stow it efficiently. Keeping the floor clear of bulky bags helps you reclaim your personal space during long-haul Qatar Airways journeys.",In-Flight Comfort,qatar airways travel tips,Check your bag size,Draft,Qatar Airways,During Flight,Universal,Luggage Scale,3,Approved,13_Content,QA-TIP-000011,RTC-003,Eligible for Review,During Flight | Universal,3,Awaiting explicit release approval
SA-TIP-000012,"When flying Singapore Airlines, always check the airport's specific bag-drop-off cut-off times,",sa-tip-000012,"When flying Singapore Airlines, always check the airport's specific bag-drop-off cut-off times, which are often stricter than the flight boarding time. Use your WillitFit profile to keep a record of your bag's 'fit status' so you can breeze through self-service kiosks at Singapore Airlines hubs.",Airport Experience,singapore airlines travel tips,Check your bag size,Draft,Singapore Airlines,At the Airport,Universal,Luggage Scale,3,Approved,13_Content,SA-TIP-000012,RTC-003,Eligible for Review,At the Airport | Universal,3,Awaiting explicit release approval
EMI-TIP-000008,"On Emirates flights, maximizing your footwell space is crucial; if you've brought a 'personal i",emi-tip-000008,"On Emirates flights, maximizing your footwell space is crucial; if you've brought a 'personal item' that fits the WillitFit audit, stow it efficiently. Keeping the floor clear of bulky bags helps you reclaim your personal space during long-haul Emirates journeys.",In-Flight Comfort,emirates travel tips,Check your bag size,Draft,Emirates,During Flight,Universal,Luggage Scale,3,Approved,13_Content,EMI-TIP-000008,RTC-003,Eligible for Review,During Flight | Universal,3,Awaiting explicit release approval
AFR-TIP-000015,"On Air France flights, maximizing your footwell space is crucial; if you've brought a 'personal",afr-tip-000015,"On Air France flights, maximizing your footwell space is crucial; if you've brought a 'personal item' that fits the WillitFit audit, stow it efficiently. Keeping the floor clear of bulky bags helps you reclaim your personal space during long-haul Air France journeys.",In-Flight Comfort,air france travel tips,Check your bag size,Draft,Air France,During Flight,Universal,Luggage Scale,3,Approved,13_Content,AFR-TIP-000015,RTC-003,Eligible for Review,During Flight | Universal,3,Awaiting explicit release approval
DLH-TIP-000010,"When flying Lufthansa, always check the airport's specific bag-drop-off cut-off times, which ar",dlh-tip-000010,"When flying Lufthansa, always check the airport's specific bag-drop-off cut-off times, which are often stricter than the flight boarding time. Use your WillitFit profile to keep a record of your bag's 'fit status' so you can breeze through self-service kiosks at Lufthansa hubs.",Airport Experience,lufthansa travel tips,Check your bag size,Draft,Lufthansa,At the Airport,Universal,Luggage Scale,3,Approved,13_Content,DLH-TIP-000010,RTC-003,Eligible for Review,At the Airport | Universal,3,Awaiting explicit release approval
DLH-TIP-000011,Combine your WillitFit baggage compliance check with a smart packing strategy for Lufthansa to,dlh-tip-000011,Combine your WillitFit baggage compliance check with a smart packing strategy for Lufthansa to avoid 'baggage anxiety'. Organizing your essentials into modular pouches that fit the WillitFit-approved dimensions makes transferring through Lufthansa security much faster.,General Travel Hacks,lufthansa travel tips,Check your bag size,Draft,Lufthansa,General Travel,Universal,Luggage Scale,3,Approved,13_Content,DLH-TIP-000011,RTC-003,Eligible for Review,General Travel | Universal,3,Awaiting explicit release approval
AME-TIP-000015,Use the WillitFit audit tool to verify your bag against American's specific cabin dimensions be,ame-tip-000015,Use the WillitFit audit tool to verify your bag against American's specific cabin dimensions before packing. Even a half-inch difference can lead to a gate-check fee; pre-verifying your gear ensures you stay within American's strict allowance.,Packing/Baggage,american travel tips,Check your bag size,Draft,American,Before Packing,Universal,Luggage Scale,3,Approved,13_Content,AME-TIP-000015,RTC-003,Eligible for Review,Before Packing | Universal,3,Awaiting explicit release approval
UNI-TIP-000012,Use the WillitFit audit tool to verify your bag against United's specific cabin dimensions befo,uni-tip-000012,Use the WillitFit audit tool to verify your bag against United's specific cabin dimensions before packing. Even a half-inch difference can lead to a gate-check fee; pre-verifying your gear ensures you stay within United's strict allowance.,Packing/Baggage,united travel tips,Check your bag size,Draft,United,Before Packing,Universal,Luggage Scale,3,Approved,13_Content,UNI-TIP-000012,RTC-003,Eligible for Review,Before Packing | Universal,3,Awaiting explicit release approval
AFR-TIP-000016,"On Air France flights, maximizing your footwell space is crucial; if you've brought a 'personal",afr-tip-000016,"On Air France flights, maximizing your footwell space is crucial; if you've brought a 'personal item' that fits the WillitFit audit, stow it efficiently. Keeping the floor clear of bulky bags helps you reclaim your personal space during long-haul Air France journeys.",In-Flight Comfort,air france travel tips,Check your bag size,Draft,Air France,During Flight,Universal,Luggage Scale,3,Approved,13_Content,AFR-TIP-000016,RTC-003,Eligible for Review,During Flight | Universal,3,Awaiting explicit release approval
DLH-TIP-000012,Combine your WillitFit baggage compliance check with a smart packing strategy for Lufthansa to,dlh-tip-000012,Combine your WillitFit baggage compliance check with a smart packing strategy for Lufthansa to avoid 'baggage anxiety'. Organizing your essentials into modular pouches that fit the WillitFit-approved dimensions makes transferring through Lufthansa security much faster.,General Travel Hacks,lufthansa travel tips,Check your bag size,Draft,Lufthansa,General Travel,Universal,Luggage Scale,3,Approved,13_Content,DLH-TIP-000012,RTC-003,Eligible for Review,General Travel | Universal,3,Awaiting explicit release approval
JET2-TIP-000012,Use the WillitFit audit tool to verify your bag against Jet2's specific cabin dimensions before,jet2-tip-000012,Use the WillitFit audit tool to verify your bag against Jet2's specific cabin dimensions before packing. Even a half-inch difference can lead to a gate-check fee; pre-verifying your gear ensures you stay within Jet2's strict allowance.,Packing/Baggage,jet2 travel tips,Check your bag size,Draft,Jet2,Before Packing,Universal,Luggage Scale,3,Approved,13_Content,JET2-TIP-000012,RTC-003,Eligible for Review,Before Packing | Universal,3,Awaiting explicit release approval
DLH-TIP-000013,"On Lufthansa flights, maximizing your footwell space is crucial; if you've brought a 'personal",dlh-tip-000013,"On Lufthansa flights, maximizing your footwell space is crucial; if you've brought a 'personal item' that fits the WillitFit audit, stow it efficiently. Keeping the floor clear of bulky bags helps you reclaim your personal space during long-haul Lufthansa journeys.",In-Flight Comfort,lufthansa travel tips,Check your bag size,Draft,Lufthansa,During Flight,Universal,Luggage Scale,3,Approved,13_Content,DLH-TIP-000013,RTC-003,Eligible for Review,During Flight | Universal,3,Awaiting explicit release approval
UNI-TIP-000013,Combine your WillitFit baggage compliance check with a smart packing strategy for United to avo,uni-tip-000013,Combine your WillitFit baggage compliance check with a smart packing strategy for United to avoid 'baggage anxiety'. Organizing your essentials into modular pouches that fit the WillitFit-approved dimensions makes transferring through United security much faster.,General Travel Hacks,united travel tips,Check your bag size,Draft,United,General Travel,Universal,Luggage Scale,3,Approved,13_Content,UNI-TIP-000013,RTC-003,Eligible for Review,General Travel | Universal,3,Awaiting explicit release approval
VA-TIP-000014,"When flying Virgin Atlantic, always check the airport's specific bag-drop-off cut-off times, wh",va-tip-000014,"When flying Virgin Atlantic, always check the airport's specific bag-drop-off cut-off times, which are often stricter than the flight boarding time. Use your WillitFit profile to keep a record of your bag's 'fit status' so you can breeze through self-service kiosks at Virgin Atlantic hubs.",Airport Experience,virgin atlantic travel tips,Check your bag size,Draft,Virgin Atlantic,At the Airport,Universal,Luggage Scale,3,Approved,13_Content,VA-TIP-000014,RTC-003,Eligible for Review,At the Airport | Universal,3,Awaiting explicit release approval
UNI-TIP-000014,Combine your WillitFit baggage compliance check with a smart packing strategy for United to avo,uni-tip-000014,Combine your WillitFit baggage compliance check with a smart packing strategy for United to avoid 'baggage anxiety'. Organizing your essentials into modular pouches that fit the WillitFit-approved dimensions makes transferring through United security much faster.,General Travel Hacks,united travel tips,Check your bag size,Draft,United,General Travel,Universal,Luggage Scale,3,Approved,13_Content,UNI-TIP-000014,RTC-003,Eligible for Review,General Travel | Universal,3,Awaiting explicit release approval
DEL-TIP-000015,Combine your WillitFit baggage compliance check with a smart packing strategy for Delta to avoi,del-tip-000015,Combine your WillitFit baggage compliance check with a smart packing strategy for Delta to avoid 'baggage anxiety'. Organizing your essentials into modular pouches that fit the WillitFit-approved dimensions makes transferring through Delta security much faster.,General Travel Hacks,delta travel tips,Check your bag size,Draft,Delta,General Travel,Universal,Luggage Scale,3,Approved,13_Content,DEL-TIP-000015,RTC-003,Eligible for Review,General Travel | Universal,3,Awaiting explicit release approval
SA-TIP-000013,Combine your WillitFit baggage compliance check with a smart packing strategy for Singapore Air,sa-tip-000013,Combine your WillitFit baggage compliance check with a smart packing strategy for Singapore Airlines to avoid 'baggage anxiety'. Organizing your essentials into modular pouches that fit the WillitFit-approved dimensions makes transferring through Singapore Airlines security much faster.,General Travel Hacks,singapore airlines travel tips,Check your bag size,Draft,Singapore Airlines,General Travel,Universal,Luggage Scale,3,Approved,13_Content,SA-TIP-000013,RTC-003,Eligible for Review,General Travel | Universal,3,Awaiting explicit release approval
UNI-TIP-000015,Combine your WillitFit baggage compliance check with a smart packing strategy for United to avo,uni-tip-000015,Combine your WillitFit baggage compliance check with a smart packing strategy for United to avoid 'baggage anxiety'. Organizing your essentials into modular pouches that fit the WillitFit-approved dimensions makes transferring through United security much faster.,General Travel Hacks,united travel tips,Check your bag size,Draft,United,General Travel,Universal,Luggage Scale,3,Approved,13_Content,UNI-TIP-000015,RTC-003,Eligible for Review,General Travel | Universal,3,Awaiting explicit release approval
